{"camera_info": {"frame_id": "sgcf_robot/camera_link/rgb_camera", "height": 240, "k": [179.99998092651367, 0.0, 160.0, 0.0, 179.99998569488525, 120.0, 0.0, 0.0, 1.0], "stamp": 4.5, "width": 320}, "goal": [4.0, 0.0, 0.0], "image": {"encoding": "rgb8", "frame_id": "sgcf_robot/camera_link/rgb_camera", "height": 240, "stamp": 4.5, "width": 320}, "laser": {"angle_increment": 0.03490658476948738, "angle_min": -3.1415927410125732, "frame_id": "sgcf_robot/lidar_link/lidar", "observable_points_robot": [[0.29452444634548514, -0.1566014667680343], [0.2638882689428356, -0.1287069438627888], [0.2478083772119039, -0.11033143021565439], [0.23944919719063376, -0.09674378572056304], [0.23517015015977658, -0.08559496368997871], [0.22842913987229943, -0.07422115434756904], [0.22649974255503144, -0.06494778291761874], [0.2225179593517992, -0.05547998436880698], [0.22055690406138245, -0.04688084256868649], [0.2185439963361471, -0.03853522790483049], [0.217123155438961, -0.030514694003817976], [0.216594305559199, -0.02276500314476295], [0.2160070413909528, -0.015104707903142065], [0.2153667984460439, -0.007520798364870731], [0.21467712521552906, -2.3992038356013218e-08], [0.21536680012706796, 0.0075207502266398515], [0.21600704476711272, 0.015104659621805546], [0.21659428100850583, 0.022764951616974848], [0.2171231622595212, 0.03051464547301014], [0.2185440049494363, 0.038535179056439765], [0.22055688538899101, 0.04688078707412769], [0.22251797175253646, 0.055479934632165884], [0.2264997857198184, 0.06494774050560957], [0.22842919897755543, 0.07422111710380694], [0.23517019729675956, 0.08559492131834322], [0.239449218814549, 0.09674373219949435], [0.24780840187289413, 0.11033137482616304], [0.2638883512833756, 0.1287069110081114], [0.29452461291808546, 0.15660147089338577]], "observable_points_world": [[0.29452344565629657, -0.1566014667680343], [0.26388726825364706, -0.1287069438627888], [0.24780737652271537, -0.11033143021565439], [0.23944819650144522, -0.09674378572056304], [0.23516914947058803, -0.08559496368997871], [0.2284281391831109, -0.07422115434756904], [0.2264987418658429, -0.06494778291761874], [0.22251695866261065, -0.05547998436880699], [0.2205559033721939, -0.0468808425686865], [0.21854299564695856, -0.038535227904830494], [0.21712215474977245, -0.03051469400381798], [0.21659330487001047, -0.022765003144762954], [0.21600604070176427, -0.015104707903142068], [0.21536579775685535, -0.007520798364870735], [0.21467612452634052, -2.3992038359899018e-08], [0.21536579943787942, 0.007520750226639848], [0.21600604407792418, 0.015104659621805542], [0.2165932803193173, 0.022764951616974845], [0.21712216157033265, 0.030514645473010138], [0.21854300426024775, 0.03853517905643976], [0.22055588469980247, 0.04688078707412768], [0.22251697106334792, 0.05547993463216588], [0.22649878503062987, 0.06494774050560957], [0.22842819828836688, 0.07422111710380694], [0.23516919660757102, 0.08559492131834322], [0.23944821812536046, 0.09674373219949435], [0.2478074011837056, 0.11033137482616304], [0.26388735059418705, 0.1287069110081114], [0.2945236122288969, 0.15660147089338577]], "ordered_points": [[-Infinity, Infinity], [-Infinity, -Infinity], [-Infinity, -Infinity], [-Infinity, -Infinity], [-Infinity, -Infinity], [-Infinity, -Infinity], [-Infinity, -Infinity], [-Infinity, -Infinity], [-Infinity, -Infinity], [-Infinity, -Infinity], [-Infinity, -Infinity], [-Infinity, -Infinity], [-Infinity, -Infinity], [-Infinity, -Infinity], [-Infinity, -Infinity], [-Infinity, -Infinity], [-Infinity, -Infinity], [-Infinity, -Infinity], [-Infinity, -Infinity], [-Infinity, -Infinity], [-Infinity, -Infinity], [-Infinity, -Infinity], [-Infinity, -Infinity], [-Infinity, -Infinity], [-Infinity, -Infinity], [-Infinity, -Infinity], [-Infinity, -Infinity], [-Infinity, -Infinity], [-Infinity, -Infinity], [-Infinity, -Infinity], [-Infinity, -Infinity], [-Infinity, -Infinity], [-Infinity, -Infinity], [-Infinity, -Infinity], [-Infinity, -Infinity], [-Infinity, -Infinity], [-Infinity, -Infinity], [-Infinity, -Infinity], [-Infinity, -Infinity], [-Infinity, -Infinity], [-Infinity, -Infinity], [-Infinity, -Infinity], [-Infinity, -Infinity], [-Infinity, -Infinity], [-Infinity, -Infinity], [-Infinity, -Infinity], [Infinity, -Infinity], [Infinity, -Infinity], [Infinity, -Infinity], [Infinity, -Infinity], [Infinity, -Infinity], [Infinity, -Infinity], [Infinity, -Infinity], [Infinity, -Infinity], [Infinity, -Infinity], [Infinity, -Infinity], [Infinity, -Infinity], [Infinity, -Infinity], [Infinity, -Infinity], [Infinity, -Infinity], [Infinity, -Infinity], [Infinity, -Infinity], [Infinity, -Infinity], [Infinity, -Infinity], [Infinity, -Infinity], [Infinity, -Infinity], [Infinity, -Infinity], [Infinity, -Infinity], [Infinity, -Infinity], [Infinity, -Infinity], [Infinity, -Infinity], [Infinity, -Infinity], [Infinity, -Infinity], [Infinity, -Infinity], [Infinity, -Infinity], [Infinity, -Infinity], [0.29452444634548514, -0.1566014667680343], [0.2638882689428356, -0.1287069438627888], [0.2478083772119039, -0.11033143021565439], [0.23944919719063376, -0.09674378572056304], [0.23517015015977658, -0.08559496368997871], [0.22842913987229943, -0.07422115434756904], [0.22649974255503144, -0.06494778291761874], [0.2225179593517992, -0.05547998436880698], [0.22055690406138245, -0.04688084256868649], [0.2185439963361471, -0.03853522790483049], [0.217123155438961, -0.030514694003817976], [0.216594305559199, -0.02276500314476295], [0.2160070413909528, -0.015104707903142065], [0.2153667984460439, -0.007520798364870731], [0.21467712521552906, -2.3992038356013218e-08], [0.21536680012706796, 0.0075207502266398515], [0.21600704476711272, 0.015104659621805546], [0.21659428100850583, 0.022764951616974848], [0.2171231622595212, 0.03051464547301014], [0.2185440049494363, 0.038535179056439765], [0.22055688538899101, 0.04688078707412769], [0.22251797175253646, 0.055479934632165884], [0.2264997857198184, 0.06494774050560957], [0.22842919897755543, 0.07422111710380694], [0.23517019729675956, 0.08559492131834322], [0.239449218814549, 0.09674373219949435], [0.24780840187289413, 0.11033137482616304], [0.2638883512833756, 0.1287069110081114], [0.29452461291808546, 0.15660147089338577], [Infinity, Infinity], [Infinity, Infinity], [Infinity, Infinity], [Infinity, Infinity], [Infinity, Infinity], [Infinity, Infinity], [Infinity, Infinity], [Infinity, Infinity], [Infinity, Infinity], [Infinity, Infinity], [Infinity, Infinity], [Infinity, Infinity], [Infinity, Infinity], [Infinity, Infinity], [Infinity, Infinity], [Infinity, Infinity], [Infinity, Infinity], [Infinity, Infinity], [Infinity, Infinity], [Infinity, Infinity], [Infinity, Infinity], [Infinity, Infinity], [Infinity, Infinity], [Infinity, Infinity], [Infinity, Infinity], [Infinity, Infinity], [Infinity, Infinity], [Infinity, Infinity], [Infinity, Infinity], [Infinity, Infinity], [Infinity, Infinity], [-Infinity, Infinity], [-Infinity, Infinity], [-Infinity, Infinity], [-Infinity, Infinity], [-Infinity, Infinity], [-Infinity, Infinity], [-Infinity, Infinity], [-Infinity, Infinity], [-Infinity, Infinity], [-Infinity, Infinity], [-Infinity, Infinity], [-Infinity, Infinity], [-Infinity, Infinity], [-Infinity, Infinity], [-Infinity, Infinity], [-Infinity, Infinity], [-Infinity, Infinity], [-Infinity, Infinity], [-Infinity, Infinity], [-Infinity, Infinity], [-Infinity, Infinity], [-Infinity, Infinity], [-Infinity, Infinity], [-Infinity, Infinity], [-Infinity, Infinity], [-Infinity, Infinity], [-Infinity, Infinity], [-Infinity, Infinity], [-Infinity, Infinity], [-Infinity, Infinity], [-Infinity, Infinity], [-Infinity, Infinity], [-Infinity, Infinity], [-Infinity, Infinity], [-Infinity, Infinity], [-Infinity, Infinity], [-Infinity, Infinity], [-Infinity, Infinity], [-Infinity, Infinity], [-Infinity, Infinity], [-Infinity, Infinity], [-Infinity, Infinity], [-Infinity, Infinity], [-Infinity, Infinity], [-Infinity, Infinity]], "range_max": 8.0, "range_min": 0.05000000074505806,