{"camera_info": {"frame_id": "sgcf_robot/camera_link/rgb_camera", "height": 240, "k": [179.99998092651367, 0.0, 160.0, 0.0, 179.99998569488525, 120.0, 0.0, 0.0, 1.0], "stamp": 6.2, "width": 320}, "goal": [4.0, 0.0, 0.0], "image": {"encoding": "rgb8", "frame_id": "sgcf_robot/camera_link/rgb_camera", "height": 240, "stamp": 6.2, "width": 320}, "laser": {"angle_increment": 0.03490658476948738, "angle_min": -3.1415927410125732, "frame_id": "sgcf_robot/lidar_link/lidar", "observable_points_robot": [[1.9020233060069323, -0.6922801031701792], [1.897496344486868, -0.6165341651981863], [1.901224242765631, -0.5451675044039174], [1.8969129820060557, -0.47295374673240764], [1.899432146752543, -0.40373698488724624], [1.9011580942325794, -0.33522568303217304], [1.898087746366409, -0.2667590504369311], [2.2390381095528324, -0.23533263939518884], [1.3116810463167512, 0.04580476433946916], [1.2475646509117615, 0.08723807794572373], [1.2048219627337873, 0.12663175389947728], [1.1753689230921922, 0.16518719428598957], [1.1447659200891813, 0.20185298479614233], [1.1265580580511643, 0.23945717383972268], [1.1150272927872908, 0.27800739342400843], [1.1058978696996908, 0.31711097491196133], [1.1004359817313099, 0.35755318598016633], [1.1044236977149686, 0.4019772088243641], [1.1048128468612728, 0.4463732173212405], [1.125181275282873, 0.5009628248774637], [1.1663973926715099, 0.5688898531843707]], "observable_points_world": [[1.9020233060069323, -0.6922801031701792], [1.897496344486868, -0.6165341651981863], [1.901224242765631, -0.5451675044039174], [1.8969129820060557, -0.47295374673240764], [1.899432146752543, -0.40373698488724624], [1.9011580942325794, -0.33522568303217304], [1.898087746366409, -0.2667590504369311], [2.2390381095528324, -0.23533263939518884], [1.3116810463167512, 0.04580476433946916], [1.2475646509117615, 0.08723807794572373], [1.2048219627337873, 0.12663175389947728], [1.1753689230921922, 0.16518719428598957], [1.1447659200891813, 0.20185298479614233], [1.1265580580511643, 0.23945717383972268], [1.1150272927872908, 0.27800739342400843], [1.1058978696996908, 0.31711097491196133], [1.1004359817313099, 0.35755318598016633], [1.1044236977149686, 0.4019772088243641], [1.1048128468612728, 0.4463732173212405], [1.125181275282873, 0.5009628248774637], [1.1663973926715099, 0.5688898531843707]], "ordered_points": [[-Infinity, Infinity], [-Infinity, -Infinity], [-Infinity, -Infinity], [-Infinity, -Infinity], [-Infinity, -Infinity], [-Infinity, -Infinity], [-Infinity, -Infinity], [-Infinity, -Infinity], [-Infinity, -Infinity], [-Infinity, -Infinity], [-Infinity, -Infinity], [-Infinity, -Infinity], [-Infinity, -Infinity], [-Infinity, -Infinity], [-Infinity, -Infinity], [-Infinity, -Infinity], [-Infinity, -Infinity], [-Infinity, -Infinity], [-Infinity, -Infinity], [-Infinity, -Infinity], [-Infinity, -Infinity], [-Infinity, -Infinity], [-Infinity, -Infinity], [-Infinity, -Infinity], [-Infinity, -Infinity], [-Infinity, -Infinity], [-Infinity, -Infinity], [-Infinity, -Infinity], [-Infinity, -Infinity], [-Infinity, -Infinity], [-Infinity, -Infinity], [-Infinity, -Infinity], [-Infinity, -Infinity], [-Infinity, -Infinity], [-Infinity, -Infinity], [-Infinity, -Infinity], [-Infinity, -Infinity], [-Infinity, -Infinity], [-Infinity, -Infinity], [-Infinity, -Infinity], [-Infinity, -Infinity], [-Infinity, -Infinity], [-Infinity, -Infinity], [-Infinity, -Infinity], [-Infinity, -Infinity], [-Infinity, -Infinity], [Infinity, -Infinity], [Infinity, -Infinity], [Infinity, -Infinity], [Infinity, -Infinity], [Infinity, -Infinity], [Infinity, -Infinity], [Infinity, -Infinity], [Infinity, -Infinity], [Infinity, -Infinity], [Infinity, -Infinity], [Infinity, -Infinity], [Infinity, -Infinity], [Infinity, -Infinity], [Infinity, -Infinity], [Infinity, -Infinity], [Infinity, -Infinity], [Infinity, -Infinity], [Infinity, -Infinity], [Infinity, -Infinity], [Infinity, -Infinity], [Infinity, -Infinity], [Infinity, -Infinity], [Infinity, -Infinity], [Infinity, -Infinity], [Infinity, -Infinity], [Infinity, -Infinity], [Infinity, -Infinity], [Infinity, -Infinity], [Infinity, -Infinity], [Infinity, -Infinity], [Infinity, -Infinity], [Infinity, -Infinity], [Infinity, -Infinity], [Infinity, -Infinity], [1.9020233060069323, -0.6922801031701792], [1.897496344486868, -0.6165341651981863], [1.901224242765631, -0.5451675044039174], [1.8969129820060557, -0.47295374673240764], [1.899432146752543, -0.40373698488724624], [1.9011580942325794, -0.33522568303217304], [1.898087746366409, -0.2667590504369311], [2.2390381095528324, -0.23533263939518884], [Infinity, -Infinity], [Infinity, -Infinity], [Infinity, -Infinity], [1.3116810463167512, 0.04580476433946916], [1.2475646509117615, 0.08723807794572373], [1.2048219627337873, 0.12663175389947728], [1.1753689230921922, 0.16518719428598957], [1.1447659200891813, 0.20185298479614233], [1.1265580580511643, 0.23945717383972268], [1.1150272927872908, 0.27800739342400843], [1.1058978696996908, 0.31711097491196133], [1.1004359817313099, 0.35755318598016633], [1.1044236977149686, 0.4019772088243641], [1.1048128468612728, 0.4463732173212405], [1.125181275282873, 0.5009628248774637], [1.1663973926715099, 0.5688898531843707], [Infinity, Infinity], [Infinity, Infinity], [Infinity, Infinity], [Infinity, Infinity], [Infinity, Infinity], [Infinity, Infinity], [Infinity, Infinity], [Infinity, Infinity], [Infinity, Infinity], [Infinity, Infinity], [Infinity, Infinity], [Infinity, Infinity], [Infinity, Infinity], [Infinity, Infinity], [Infinity, Infinity], [Infinity, Infinity], [Infinity, Infinity], [Infinity, Infinity], [Infinity, Infinity], [Infinity, Infinity], [Infinity, Infinity], [Infinity, Infinity], [Infinity, Infinity], [Infinity, Infinity], [Infinity, Infinity], [Infinity, Infinity], [Infinity, Infinity], [Infinity, Infinity], [Infinity, Infinity], [Infinity, Infinity], [Infinity, Infinity], [Infinity, Infinity], [-Infinity, Infinity], [-Infinity, Infinity], [-Infinity, Infinity], [-Infinity, Infinity], [-Infinity, Infinity], [-Infinity, Infinity], [-Infinity, Infinity], [-Infinity, Infinity], [-Infinity, Infinity], [-Infinity, Infinity], [-Infinity, Infinity], [-Infinity, Infinity], [-Infinity, Infinity], [-Infinity, Infinity], [-Infinity, Infinity], [-Infinity, Infinity], [-Infinity, Infinity], [-Infinity, Infinity], [-Infinity, Infinity], [-Infinity, Infinity], [-Infinity, Infinity], [-Infinity, Infinity], [-Infinity, Infinity], [-Infinity, Infinity], [-Infinity, Infinity], [-Infinity, Infinity], [-Infinity, Infinity], [-Infinity, Infinity], [-Infinity, Infinity], [-Infinity, Infinity], [-Infinity, Infinity], [-Infinity, Infinity], [-Infinity, Infinity], [-Infinity, Infinity], [-Infinity, Infinity], [-Infinity, Infinity], [-Infinity, Infinity], [-Infinity, Infinity], [-Infinity, Infinity], [-Infinity, Infinity], [-Infinity, Infinity], [-Infinity, Infinity], [-Infinity, Infinity], [-Infinity, Infinity], [-Infinity, Infinity]], "range_max": 8.0, "range_min": 0.05000000074505806,