{"camera_info": {"frame_id": "sgcf_robot/camera_link/rgb_camera", "height": 240, "k": [179.99998092651367, 0.0, 160.0, 0.0, 179.99998569488525, 120.0, 0.0, 0.0, 1.0], "stamp": 7.4, "width": 320}, "goal": [4.0, 0.0, 0.0], "image": {"encoding": "rgb8", "frame_id": "sgcf_robot/camera_link/rgb_camera", "height": 240, "stamp": 7.4, "width": 320}, "laser": {"angle_increment": 0.03490658476948738, "angle_min": -3.1415927410125732, "frame_id": "sgcf_robot/lidar_link/lidar", "observable_points_robot": [[1.9001073060850888, -0.845982524893882], [1.8963836505811569, -0.7661889690519239], [1.9020233060069323, -0.6922801031701792], [1.897496344486868, -0.6165341651981863], [1.901224242765631, -0.5451675044039174], [1.8969129820060557, -0.47295374673240764], [1.899432146752543, -0.40373698488724624], [2.043823358643081, -0.36038143459857874], [1.3335234939825147, -0.09324919562287451], [1.2467012752490796, -0.04353590702015548], [1.1999272108077927, -1.3410231591848258e-07], [1.1566593378614156, 0.04039130438040544], [1.1378954983507155, 0.07956927611459627], [1.1222999364766786, 0.11795834882926663], [1.1113225346407019, 0.15618606876310348], [1.1042747992715987, 0.1947133124392525], [1.0999454624577596, 0.23380049517696463], [1.1013893100440162, 0.2746070640701486], [1.1130139911429362, 0.3191514890229725], [1.1224950851163178, 0.36472062036627795], [1.1577180417601827, 0.4213747568032281], [1.1962865923992132, 0.48333099728568907]], "observable_points_world": [[1.9001073060850888, -0.845982524893882], [1.8963836505811569, -0.7661889690519239], [1.9020233060069323, -0.6922801031701792], [1.897496344486868, -0.6165341651981863], [1.901224242765631, -0.5451675044039174], [1.8969129820060557, -0.47295374673240764], [1.899432146752543, -0.40373698488724624], [2.043823358643081, -0.36038143459857874], [1.3335234939825147, -0.09324919562287451], [1.2467012752490796, -0.04353590702015548], [1.1999272108077927, -1.341023159187446e-07], [1.1566593378614156, 0.04039130438040544], [1.1378954983507155, 0.07956927611459627], [1.1222999364766786, 0.11795834882926663], [1.1113225346407019, 0.15618606876310348], [1.1042747992715987, 0.1947133124392525], [1.0999454624577596, 0.23380049517696463], [1.1013893100440162, 0.2746070640701486], [1.1130139911429362, 0.3191514890229725], [1.1224950851163178, 0.36472062036627795], [1.1577180417601827, 0.4213747568032281], [1.1962865923992132, 0.48333099728568907]], "ordered_points": [[-Infinity, Infinity], [-Infinity, -Infinity], [-Infinity, -Infinity], [-Infinity, -Infinity], [-Infinity, -Infinity], [-Infinity, -Infinity], [-Infinity, -Infinity], [-Infinity, -Infinity], [-Infinity, -Infinity], [-Infinity, -Infinity], [-Infinity, -Infinity], [-Infinity, -Infinity], [-Infinity, -Infinity], [-Infinity, -Infinity], [-Infinity, -Infinity], [-Infinity, -Infinity], [-Infinity, -Infinity], [-Infinity, -Infinity], [-Infinity, -Infinity], [-Infinity, -Infinity], [-Infinity, -Infinity], [-Infinity, -Infinity], [-Infinity, -Infinity], [-Infinity, -Infinity], [-Infinity, -Infinity], [-Infinity, -Infinity], [-Infinity, -Infinity], [-Infinity, -Infinity], [-Infinity, -Infinity], [-Infinity, -Infinity], [-Infinity, -Infinity], [-Infinity, -Infinity], [-Infinity, -Infinity], [-Infinity, -Infinity], [-Infinity, -Infinity], [-Infinity, -Infinity], [-Infinity, -Infinity], [-Infinity, -Infinity], [-Infinity, -Infinity], [-Infinity, -Infinity], [-Infinity, -Infinity], [-Infinity, -Infinity], [-Infinity, -Infinity], [-Infinity, -Infinity], [-Infinity, -Infinity], [-Infinity, -Infinity], [Infinity, -Infinity], [Infinity, -Infinity], [Infinity, -Infinity], [Infinity, -Infinity], [Infinity, -Infinity], [Infinity, -Infinity], [Infinity, -Infinity], [Infinity, -Infinity], [Infinity, -Infinity], [Infinity, -Infinity], [Infinity, -Infinity], [Infinity, -Infinity], [Infinity, -Infinity], [Infinity, -Infinity], [Infinity, -Infinity], [Infinity, -Infinity], [Infinity, -Infinity], [Infinity, -Infinity], [Infinity, -Infinity], [Infinity, -Infinity], [Infinity, -Infinity], [Infinity, -Infinity], [Infinity, -Infinity], [Infinity, -Infinity], [Infinity, -Infinity], [Infinity, -Infinity], [Infinity, -Infinity], [Infinity, -Infinity], [Infinity, -Infinity], [Infinity, -Infinity], [Infinity, -Infinity], [Infinity, -Infinity], [1.9001073060850888, -0.845982524893882], [1.8963836505811569, -0.7661889690519239], [1.9020233060069323, -0.6922801031701792], [1.897496344486868, -0.6165341651981863], [1.901224242765631, -0.5451675044039174], [1.8969129820060557, -0.47295374673240764], [1.899432146752543, -0.40373698488724624], [2.043823358643081, -0.36038143459857874], [Infinity, -Infinity], [Infinity, -Infinity], [1.3335234939825147, -0.09324919562287451], [1.2467012752490796, -0.04353590702015548], [1.1999272108077927, -1.3410231591848258e-07], [1.1566593378614156, 0.04039130438040544], [1.1378954983507155, 0.07956927611459627], [1.1222999364766786, 0.11795834882926663], [1.1113225346407019, 0.15618606876310348], [1.1042747992715987, 0.1947133124392525], [1.0999454624577596, 0.23380049517696463], [1.1013893100440162, 0.2746070640701486], [1.1130139911429362, 0.3191514890229725], [1.1224950851163178, 0.36472062036627795], [1.1577180417601827, 0.4213747568032281], [1.1962865923992132, 0.48333099728568907], [Infinity, Infinity], [Infinity, Infinity], [Infinity, Infinity], [Infinity, Infinity], [Infinity, Infinity], [Infinity, Infinity], [Infinity, Infinity], [Infinity, Infinity], [Infinity, Infinity], [Infinity, Infinity], [Infinity, Infinity], [Infinity, Infinity], [Infinity, Infinity], [Infinity, Infinity], [Infinity, Infinity], [Infinity, Infinity], [Infinity, Infinity], [Infinity, Infinity], [Infinity, Infinity], [Infinity, Infinity], [Infinity, Infinity], [Infinity, Infinity], [Infinity, Infinity], [Infinity, Infinity], [Infinity, Infinity], [Infinity, Infinity], [Infinity, Infinity], [Infinity, Infinity], [Infinity, Infinity], [Infinity, Infinity], [Infinity, Infinity], [Infinity, Infinity], [Infinity, Infinity], [Infinity, Infinity], [-Infinity, Infinity], [-Infinity, Infinity], [-Infinity, Infinity], [-Infinity, Infinity], [-Infinity, Infinity], [-Infinity, Infinity], [-Infinity, Infinity], [-Infinity, Infinity], [-Infinity, Infinity], [-Infinity, Infinity], [-Infinity, Infinity], [-Infinity, Infinity], [-Infinity, Infinity], [-Infinity, Infinity], [-Infinity, Infinity], [-Infinity, Infinity], [-Infinity, Infinity], [-Infinity, Infinity], [-Infinity, Infinity], [-Infinity, Infinity], [-Infinity, Infinity], [-Infinity, Infinity], [-Infinity, Infinity], [-Infinity, Infinity], [-Infinity, Infinity], [-Infinity, Infinity], [-Infinity, Infinity], [-Infinity, Infinity], [-Infinity, Infinity], [-Infinity, Infinity], [-Infinity, Infinity], [-Infinity, Infinity], [-Infinity, Infinity], [-Infinity, Infinity], [-Infinity, Infinity], [-Infinity, Infinity], [-Infinity, Infinity], [-Infinity, Infinity], [-Infinity, Infinity], [-Infinity, Infinity], [-Infinity, Infinity], [-Infinity, Infinity], [-Infinity, Infinity], [-Infinity, Infinity], [-Infinity, Infinity]], "range_max": 8.0, "range_min": 0.05000000074505806,