{
  "P0": {
    "final_linear_speed": 0.0,
    "final_angular_speed": 0.0,
    "last_half_second_translation": 0.0,
    "last_half_second_yaw": 0.0
  },
  "P1": {
    "final_linear_speed": 2.4151673463853704e-20,
    "final_angular_speed": 3.082735240352978e-20,
    "last_half_second_translation": 6.648918136844416e-21,
    "last_half_second_yaw": 1.7713170317670906e-21
  },
  "P2": {
    "final_linear_speed": 2.796649771656566e-20,
    "final_angular_speed": 2.2265649911355755e-20,
    "last_half_second_translation": 5.7261739602961245e-21,
    "last_half_second_yaw": 7.6894383152596465e-22
  }
}
