{
  "P0": {
    "backlog_count": 0,
    "count": 19,
    "max": 85.08806800091406,
    "mean": 29.10531999920127,
    "p50": 28.57339799811598,
    "p95": 53.67696099492598,
    "stale_count": 0
  },
  "P1": {
    "backlog_count": 0,
    "count": 19,
    "max": 177.26986199704697,
    "mean": 146.86339142032298,
    "p50": 130.31003400101326,
    "p95": 175.41991020189016,
    "stale_count": 0
  },
  "P2": {
    "backlog_count": 0,
    "count": 19,
    "max": 184.62169599661138,
    "mean": 151.27916631555357,
    "p50": 135.59998099663062,
    "p95": 181.46440600103233,
    "stale_count": 0
  }
}
