{
  "xy_0.01m_yaw_1deg": {
    "mae_m": 7.011502218050372e-05,
    "p95_m": 0.00021831341258098103,
    "gradient_valid": true
  },
  "xy_0.03m_yaw_3deg": {
    "mae_m": 0.000531072959552472,
    "p95_m": 0.0012938007684766713,
    "gradient_valid": true
  },
  "xy_0.05m_yaw_5deg": {
    "mae_m": 0.0011972854108666894,
    "p95_m": 0.0033674375910781873,
    "gradient_valid": true
  },
  "xy_0.10m_yaw_10deg": {
    "mae_m": 0.004540192534819167,
    "p95_m": 0.014515125027860091,
    "gradient_valid": true
  }
}
