{
  "single_obstacle": {
    "mean_ms": 0.10060503430803033,
    "p50_ms": 0.09533900083624758,
    "p95_ms": 0.12501079982030205,
    "p99_ms": 0.13522679946618152,
    "count": 29
  },
  "corridor": {
    "mean_ms": 0.10502999983145855,
    "p50_ms": 0.10503699922992382,
    "p95_ms": 0.11418040048738476,
    "p99_ms": 0.12560147973999844,
    "count": 25
  },
  "narrow_passage": {
    "mean_ms": 0.10682096006348729,
    "p50_ms": 0.10578799992799759,
    "p95_ms": 0.11720439906639513,
    "p99_ms": 0.161255079001421,
    "count": 25
  }
}
