{
  "device": "cpu",
  "warmup": 3,
  "repeats": 20,
  "batches": {
    "1": {
      "legacy_distance": {
        "mean_ms": 0.9002941999824543,
        "p50_ms": 0.8778975006862311,
        "p95_ms": 1.0247711499687284,
        "p99_ms": 1.0787942292517982,
        "count": 20
      },
      "legacy_distance_finite_difference": {
        "mean_ms": 5.923767399963253,
        "p50_ms": 5.857056999957422,
        "p95_ms": 6.1415667495566595,
        "p99_ms": 6.160152550346538,
        "count": 20
      },
      "batched_exact_distance": {
        "mean_ms": 0.1528303001578024,
        "p50_ms": 0.158638000357314,
        "p95_ms": 0.16579499979343382,
        "p99_ms": 0.1658558005328814,
        "count": 20
      },
      "batched_exact_autograd": {
        "mean_ms": 0.3265738498157589,
        "p50_ms": 0.3240229998482391,
        "p95_ms": 0.34536350003691046,
        "p99_ms": 0.3818358993339643,
        "count": 20
      }
    },
    "10": {
      "legacy_distance": {
        "mean_ms": 1.4547537502039631,
        "p50_ms": 1.3550829999076086,
        "p95_ms": 1.7269374998249987,
        "p99_ms": 1.735107499825972,
        "count": 20
      },
      "legacy_distance_finite_difference": {
        "mean_ms": 8.820869299779588,
        "p50_ms": 8.803081000223756,
        "p95_ms": 9.304636650540488,
        "p99_ms": 9.362573730595614,
        "count": 20
      },
      "batched_exact_distance": {
        "mean_ms": 0.19862875014950987,
        "p50_ms": 0.19672399957926245,
        "p95_ms": 0.22643234915449284,
        "p99_ms": 0.24131847036187534,
        "count": 20
      },
      "batched_exact_autograd": {
        "mean_ms": 0.40972245024022413,
        "p50_ms": 0.3856690000247909,
        "p95_ms": 0.48179635004999,
        "p99_ms": 0.5089336702621949,
        "count": 20
      }
    },
    "12": {
      "legacy_distance": {
        "mean_ms": 1.3799051998830691,
        "p50_ms": 1.3545619995056768,
        "p95_ms": 1.5107681510016846,
        "p99_ms": 1.5808576290328344,
        "count": 20
      },
      "legacy_distance_finite_difference": {
        "mean_ms": 9.2341436503375,
        "p50_ms": 9.09391700042761,
        "p95_ms": 9.821047450986953,
        "p99_ms": 10.043323890804459,
        "count": 20
      },
      "batched_exact_distance": {
        "mean_ms": 0.20804834975933773,
        "p50_ms": 0.20663749910454499,
        "p95_ms": 0.24697789958736394,
        "p99_ms": 0.2540595786558697,
        "count": 20
      },
      "batched_exact_autograd": {
        "mean_ms": 0.4075667498000257,
        "p50_ms": 0.3935630002160906,
        "p95_ms": 0.4860032003307424,
        "p99_ms": 0.49179744126377045,
        "count": 20
      }
    },
    "32": {
      "legacy_distance": {
        "mean_ms": 2.2278477996223955,
        "p50_ms": 2.188151500376989,
        "p95_ms": 2.368061949164258,
        "p99_ms": 2.7606163902237304,
        "count": 20
      },
      "legacy_distance_finite_difference": {
        "mean_ms": 14.843825799744081,
        "p50_ms": 14.802561499891453,
        "p95_ms": 15.390632099479262,
        "p99_ms": 15.62617282037536,
        "count": 20
      },
      "batched_exact_distance": {
        "mean_ms": 0.2631277001455601,
        "p50_ms": 0.2507210001567728,
        "p95_ms": 0.301743400086707,
        "p99_ms": 0.3327726795760099,
        "count": 20
      },
      "batched_exact_autograd": {
        "mean_ms": 0.5184505497709324,
        "p50_ms": 0.49263999972026795,
        "p95_ms": 0.6125069510744652,
        "p99_ms": 0.6611917915142839,
        "count": 20
      }
    },
    "128": {
      "legacy_distance": {
        "mean_ms": 6.794438600172725,
        "p50_ms": 6.875799499539426,
        "p95_ms": 7.172706149049191,
        "p99_ms": 7.307395629595703,
        "count": 20
      },
      "legacy_distance_finite_difference": {
        "mean_ms": 41.0013129001527,
        "p50_ms": 40.82917199957592,
        "p95_ms": 43.018063100134896,
        "p99_ms": 43.45612861925474,
        "count": 20
      },
      "batched_exact_distance": {
        "mean_ms": 0.72116504989026,
        "p50_ms": 0.7223759994303691,
        "p95_ms": 0.8253379998677701,
        "p99_ms": 0.8496884008673078,
        "count": 20
      },
      "batched_exact_autograd": {
        "mean_ms": 1.0105034999469353,
        "p50_ms": 1.0185264991378062,
        "p95_ms": 1.1073472001953633,
        "p99_ms": 1.129116640840948,
        "count": 20
      }
    }
  }
}
