{
  "no_obstacle_tracking": {
    "success": true,
    "steps": 25,
    "navigation_time_s": 5.0,
    "path_length_m": 3.8171125538226414,
    "control_smoothness": 0.034292773205042267,
    "min_observable_clearance_m": 8.0,
    "min_world_clearance_m": 8.0,
    "observable_collision": false,
    "world_collision": false,
    "partial_observation_world_risk": false,
    "average_qp_solve_ms": 3.9387314328220118,
    "p95_qp_solve_ms": 2.4710816989681916,
    "max_qp_solve_ms": 109.96878199875937,
    "average_end_to_end_ms": 24.334957559767645,
    "p95_end_to_end_ms": 22.597856999345822,
    "max_end_to_end_ms": 131.1218100017868,
    "end_to_end_over_200ms_count": 0,
    "scp_iterations_mean": 2.68,
    "max_slack": 0.0,
    "geometry_recheck_rejections": 0,
    "fallback_count": 0,
    "emergency_stop_count": 0,
    "wall_run_ms": 651.558853998722
  },
  "no_obstacle_turning": {
    "success": true,
    "steps": 23,
    "navigation_time_s": 4.6000000000000005,
    "path_length_m": 3.3510514577330888,
    "control_smoothness": 0.14009592976914276,
    "min_observable_clearance_m": 8.0,
    "min_world_clearance_m": 8.0,
    "observable_collision": false,
    "world_collision": false,
    "partial_observation_world_risk": false,
    "average_qp_solve_ms": 4.351671983325407,
    "p95_qp_solve_ms": 2.549600601014389,
    "max_qp_solve_ms": 119.75541399806389,
    "average_end_to_end_ms": 24.89269399966756,
    "p95_end_to_end_ms": 22.664209900904098,
    "max_end_to_end_ms": 143.61739300147747,
    "end_to_end_over_200ms_count": 0,
    "scp_iterations_mean": 2.608695652173913,
    "max_slack": 0.0,
    "geometry_recheck_rejections": 0,
    "fallback_count": 0,
    "emergency_stop_count": 0,
    "wall_run_ms": 615.3324730003078
  },
  "single_obstacle_avoidance": {
    "success": true,
    "steps": 29,
    "navigation_time_s": 5.800000000000001,
    "path_length_m": 4.316299894531821,
    "control_smoothness": 0.08128056417860986,
    "min_observable_clearance_m": 0.3334288874212151,
    "min_world_clearance_m": 0.3333831739143513,
    "observable_collision": false,
    "world_collision": false,
    "partial_observation_world_risk": false,
    "average_qp_solve_ms": 3.595424063411273,
    "p95_qp_solve_ms": 2.882698000030359,
    "max_qp_solve_ms": 84.47042099942337,
    "average_end_to_end_ms": 71.56469465540982,
    "p95_end_to_end_ms": 84.3326973998046,
    "max_end_to_end_ms": 153.19209299923386,
    "end_to_end_over_200ms_count": 0,
    "scp_iterations_mean": 2.7241379310344827,
    "max_slack": 8.112667312815128e-08,
    "geometry_recheck_rejections": 0,
    "fallback_count": 0,
    "emergency_stop_count": 0,
    "wall_run_ms": 2239.0165029974014
  },
  "rotated_rectangle": {
    "success": true,
    "steps": 31,
    "navigation_time_s": 6.2,
    "path_length_m": 4.52704453158217,
    "control_smoothness": 0.09743231366786582,
    "min_observable_clearance_m": 0.3171156696274388,
    "min_world_clearance_m": 0.31395254894622476,
    "observable_collision": false,
    "world_collision": false,
    "partial_observation_world_risk": false,
    "average_qp_solve_ms": 4.522977666705889,
    "p95_qp_solve_ms": 3.5943216980740536,
    "max_qp_solve_ms": 148.08622600321542,
    "average_end_to_end_ms": 83.6436094516924,
    "p95_end_to_end_ms": 95.17978800067795,
    "max_end_to_end_ms": 228.85083399887662,
    "end_to_end_over_200ms_count": 1,
    "scp_iterations_mean": 2.7096774193548385,
    "max_slack": 2.212789278001618e-07,
    "geometry_recheck_rejections": 0,
    "fallback_count": 0,
    "emergency_stop_count": 0,
    "wall_run_ms": 2760.7918600006087
  },
  "corridor_navigation": {
    "success": true,
    "steps": 25,
    "navigation_time_s": 5.0,
    "path_length_m": 3.8171125538226414,
    "control_smoothness": 0.034292773205042267,
    "min_observable_clearance_m": 0.3749999999999998,
    "min_world_clearance_m": 0.375,
    "observable_collision": false,
    "world_collision": false,
    "partial_observation_world_risk": false,
    "average_qp_solve_ms": 4.871562701357188,
    "p95_qp_solve_ms": 3.500813500068034,
    "max_qp_solve_ms": 116.52376499841921,
    "average_end_to_end_ms": 310.8694489604386,
    "p95_end_to_end_ms": 364.43870440198225,
    "max_end_to_end_ms": 412.1181949994934,
    "end_to_end_over_200ms_count": 23,
    "scp_iterations_mean": 2.68,
    "max_slack": 0.0,
    "geometry_recheck_rejections": 0,
    "fallback_count": 0,
    "emergency_stop_count": 0,
    "wall_run_ms": 8075.247697001032
  },
  "narrow_passage": {
    "success": true,
    "steps": 25,
    "navigation_time_s": 5.0,
    "path_length_m": 3.8171125538226414,
    "control_smoothness": 0.034292773205042267,
    "min_observable_clearance_m": 0.2599999999999999,
    "min_world_clearance_m": 0.26,
    "observable_collision": false,
    "world_collision": false,
    "partial_observation_world_risk": false,
    "average_qp_solve_ms": 4.408136477677409,
    "p95_qp_solve_ms": 3.5387345011258726,
    "max_qp_solve_ms": 82.98421600193251,
    "average_end_to_end_ms": 320.71969179974985,
    "p95_end_to_end_ms": 374.6385212005407,
    "max_end_to_end_ms": 388.6752219987102,
    "end_to_end_over_200ms_count": 23,
    "scp_iterations_mean": 2.68,
    "max_slack": 0.0,
    "geometry_recheck_rejections": 0,
    "fallback_count": 0,
    "emergency_stop_count": 0,
    "wall_run_ms": 8325.949686000968
  },
  "u_shape_case": {
    "success": false,
    "steps": 4,
    "navigation_time_s": 0.8,
    "path_length_m": 0.28603988037284866,
    "control_smoothness": 0.3935923376042046,
    "min_observable_clearance_m": 0.8736874692683311,
    "min_world_clearance_m": 0.8539840232105587,
    "observable_collision": false,
    "world_collision": false,
    "partial_observation_world_risk": false,
    "average_qp_solve_ms": 9.920075583067955,
    "p95_qp_solve_ms": 39.81447739770368,
    "max_qp_solve_ms": 82.37335199737572,
    "average_end_to_end_ms": 179.93202749948978,
    "p95_end_to_end_ms": 222.63881799681255,
    "max_end_to_end_ms": 231.53141499642516,
    "end_to_end_over_200ms_count": 1,
    "scp_iterations_mean": 3.0,
    "max_slack": 0.0005892820860023673,
    "geometry_recheck_rejections": 3,
    "fallback_count": 1,
    "emergency_stop_count": 0,
    "wall_run_ms": 806.6301899998507
  },
  "infeasible_case": {
    "success": false,
    "steps": 1,
    "navigation_time_s": 0.2,
    "path_length_m": 0.0,
    "control_smoothness": 0.0,
    "min_observable_clearance_m": 0.07499999999999994,
    "min_world_clearance_m": 0.07500000000000001,
    "observable_collision": false,
    "world_collision": false,
    "partial_observation_world_risk": false,
    "average_qp_solve_ms": 44.25336833446636,
    "p95_qp_solve_ms": 107.28406290108977,
    "max_qp_solve_ms": 118.30635400110623,
    "average_end_to_end_ms": 458.8963429996511,
    "p95_end_to_end_ms": 458.8963429996511,
    "max_end_to_end_ms": 458.8963429996511,
    "end_to_end_over_200ms_count": 1,
    "scp_iterations_mean": 3.0,
    "max_slack": 0.0,
    "geometry_recheck_rejections": 3,
    "fallback_count": 1,
    "emergency_stop_count": 0,
    "wall_run_ms": 512.6842209974711
  }
}
