{
  "metrics": {
    "success": true,
    "steps": 29,
    "navigation_time_s": 5.800000000000001,
    "path_length_m": 4.316299894533105,
    "control_smoothness": 0.08128056417736178,
    "min_observable_clearance_m": 0.3334266665151856,
    "min_world_clearance_m": 0.3333831739146291,
    "observable_collision": false,
    "world_collision": false,
    "partial_observation_world_risk": false,
    "average_qp_solve_ms": 3.5470840506190418,
    "p95_qp_solve_ms": 2.4185046006095945,
    "max_qp_solve_ms": 114.91721799939114,
    "average_end_to_end_ms": 18.018750930987782,
    "p95_end_to_end_ms": 17.029932400328104,
    "max_end_to_end_ms": 129.35484500121675,
    "average_offline_world_evaluation_ms": 0.10060503430803033,
    "p95_offline_world_evaluation_ms": 0.12501079982030205,
    "end_to_end_over_100ms_count": 1,
    "scp_iterations_mean": 2.7241379310344827,
    "max_slack": 8.113845646424365e-08,
    "geometry_recheck_rejections": 0,
    "fallback_count": 0,
    "emergency_stop_count": 0
  },
  "latency": {
    "observable_distance_gradient_ms": {
      "mean_ms": 0.37549991137421795,
      "p50_ms": 0.36204000025463756,
      "p95_ms": 0.4636366002159775,
      "p99_ms": 0.5111999398650369,
      "count": 79
    },
    "parameter_update_ms": {
      "mean_ms": 1.0062189746430348,
      "p50_ms": 0.9718439996504458,
      "p95_ms": 1.2122533000365365,
      "p99_ms": 1.283271958855039,
      "count": 79
    },
    "solve_wall_ms": {
      "mean_ms": 3.5470840506190418,
      "p50_ms": 2.0914649994665524,
      "p95_ms": 2.4185046006095945,
      "p99_ms": 27.297307959743065,
      "count": 79
    },
    "osqp_internal_ms": {
      "mean_ms": 0.3042054556962025,
      "p50_ms": 0.231965,
      "p95_ms": 0.4020829,
      "p99_ms": 1.0869743199999975,
      "count": 79
    },
    "observable_recheck_ms": {
      "mean_ms": 0.19545620369643546,
      "p50_ms": 0.17575000038050348,
      "p95_ms": 0.22486920079245457,
      "p99_ms": 0.49083598052675353,
      "count": 108
    },
    "lidar_data_preparation_ms": {
      "mean_ms": 3.4618970343656437,
      "p50_ms": 3.387908000149764,
      "p95_ms": 4.040649600210599,
      "p99_ms": 4.7721617594652335,
      "count": 29
    },
    "reference_and_control_logic_ms": {
      "mean_ms": 0.05380758588655916,
      "p50_ms": 0.05759799933002796,
      "p95_ms": 0.06318260057014413,
      "p99_ms": 0.06866347976028918,
      "count": 29
    },
    "online_equivalent_planner_ms": {
      "mean_ms": 18.018750930987782,
      "p50_ms": 14.759981999304728,
      "p95_ms": 17.029932400328104,
      "p99_ms": 98.01421176074642,
      "count": 29
    },
    "offline_world_evaluation_ms": {
      "mean_ms": 0.10060503430803033,
      "p50_ms": 0.09533900083624758,
      "p95_ms": 0.12501079982030205,
      "p99_ms": 0.13522679946618152,
      "count": 29
    }
  },
  "online_p95_under_100ms": true
}
