{
  "small": {
    "success": true,
    "steps": 29,
    "navigation_time_s": 5.800000000000001,
    "path_length_m": 4.316266795019123,
    "control_smoothness": 0.0813180927646766,
    "min_observable_clearance_m": 0.33342802290546725,
    "min_world_clearance_m": 0.33338144315407625,
    "observable_collision": false,
    "world_collision": false,
    "partial_observation_world_risk": false,
    "average_qp_solve_ms": 3.6651706835107665,
    "p95_qp_solve_ms": 2.999490800357307,
    "max_qp_solve_ms": 88.24002599794767,
    "average_end_to_end_ms": 71.3413014478835,
    "p95_end_to_end_ms": 83.80253959840047,
    "max_end_to_end_ms": 160.0495549973857,
    "end_to_end_over_200ms_count": 0,
    "scp_iterations_mean": 2.7241379310344827,
    "max_slack": 1.7456468304627737e-07,
    "geometry_recheck_rejections": 0,
    "fallback_count": 0,
    "emergency_stop_count": 0
  },
  "medium": {
    "success": true,
    "steps": 29,
    "navigation_time_s": 5.800000000000001,
    "path_length_m": 4.316299894531821,
    "control_smoothness": 0.08128056417860986,
    "min_observable_clearance_m": 0.3334288874212151,
    "min_world_clearance_m": 0.3333831739143513,
    "observable_collision": false,
    "world_collision": false,
    "partial_observation_world_risk": false,
    "average_qp_solve_ms": 3.752250531507815,
    "p95_qp_solve_ms": 3.543350800100597,
    "max_qp_solve_ms": 86.30643099968438,
    "average_end_to_end_ms": 72.58217441367692,
    "p95_end_to_end_ms": 87.08283019950613,
    "max_end_to_end_ms": 153.50665599908098,
    "end_to_end_over_200ms_count": 0,
    "scp_iterations_mean": 2.7241379310344827,
    "max_slack": 8.112667312815128e-08,
    "geometry_recheck_rejections": 0,
    "fallback_count": 0,
    "emergency_stop_count": 0
  },
  "large": {
    "success": true,
    "steps": 29,
    "navigation_time_s": 5.800000000000001,
    "path_length_m": 4.316313938481957,
    "control_smoothness": 0.08126747868136172,
    "min_observable_clearance_m": 0.3334291429256496,
    "min_world_clearance_m": 0.3333836927189995,
    "observable_collision": false,
    "world_collision": false,
    "partial_observation_world_risk": false,
    "average_qp_solve_ms": 4.077555141124415,
    "p95_qp_solve_ms": 2.788311699623591,
    "max_qp_solve_ms": 118.9744459989015,
    "average_end_to_end_ms": 72.04327224161685,
    "p95_end_to_end_ms": 83.56750760067371,
    "max_end_to_end_ms": 185.50369899821817,
    "end_to_end_over_200ms_count": 0,
    "scp_iterations_mean": 2.689655172413793,
    "max_slack": 1.582752207563226e-05,
    "geometry_recheck_rejections": 0,
    "fallback_count": 0,
    "emergency_stop_count": 0
  }
}
