{
  "empty_world": {
    "monotonic": true,
    "sample_count": 20,
    "source": "Stage 11B-F"
  },
  "human_path_center": {
    "duplicate_count": 0,
    "effective_frequency_hz": 999.9999999998998,
    "first_timestamp_s": 21.089,
    "last_timestamp_s": 21.108,
    "max_interval_s": 0.0010000000000012221,
    "mean_interval_s": 0.0010000000000001002,
    "min_interval_s": 0.0009999999999976694,
    "monotonic": true,
    "negative_jump_count": 0,
    "p50_interval_s": 0.0010000000000012221,
    "p95_interval_s": 0.0010000000000012221,
    "run_duration_s": 6.174000000000003,
    "run_first_s": 17.996,
    "run_last_s": 24.17,
    "sample_count": 20
  },
  "human_path_side": {
    "duplicate_count": 0,
    "effective_frequency_hz": 1000.0000000000867,
    "first_timestamp_s": 20.987000000000002,
    "last_timestamp_s": 21.006,
    "max_interval_s": 0.0010000000000012221,
    "mean_interval_s": 0.0009999999999999133,
    "min_interval_s": 0.0009999999999976694,
    "monotonic": true,
    "negative_jump_count": 0,
    "p50_interval_s": 0.0010000000000012221,
    "p95_interval_s": 0.0010000000000012221,
    "run_duration_s": 6.058,
    "run_first_s": 18.003,
    "run_last_s": 24.061,
    "sample_count": 20
  },
  "initial_collision": {
    "duplicate_count": 0,
    "effective_frequency_hz": 1000.0000000000867,
    "first_timestamp_s": 20.986,
    "last_timestamp_s": 21.005,
    "max_interval_s": 0.0010000000000012221,
    "mean_interval_s": 0.0009999999999999133,
    "min_interval_s": 0.0009999999999976694,
    "monotonic": true,
    "negative_jump_count": 0,
    "p50_interval_s": 0.0010000000000012221,
    "p95_interval_s": 0.0010000000000012221,
    "run_duration_s": 6.076999999999998,
    "run_first_s": 17.987000000000002,
    "run_last_s": 24.064,
    "sample_count": 20
  },
  "narrow_passage": {
    "duplicate_count": 0,
    "effective_frequency_hz": 1000.0000000000867,
    "first_timestamp_s": 21.288,
    "last_timestamp_s": 21.307,
    "max_interval_s": 0.0010000000000012221,
    "mean_interval_s": 0.0009999999999999133,
    "min_interval_s": 0.0009999999999976694,
    "monotonic": true,
    "negative_jump_count": 0,
    "p50_interval_s": 0.0010000000000012221,
    "p95_interval_s": 0.0010000000000012221,
    "run_duration_s": 6.111000000000001,
    "run_first_s": 18.249,
    "run_last_s": 24.36,
    "sample_count": 20
  },
  "outdated_rgb_contract": {
    "duplicate_count": 0,
    "effective_frequency_hz": 999.9999999998998,
    "first_timestamp_s": 20.988,
    "last_timestamp_s": 21.007,
    "max_interval_s": 0.0010000000000012221,
    "mean_interval_s": 0.0010000000000001002,
    "min_interval_s": 0.0009999999999976694,
    "monotonic": true,
    "negative_jump_count": 0,
    "p50_interval_s": 0.0010000000000012221,
    "p95_interval_s": 0.0010000000000012221,
    "run_duration_s": 6.062000000000001,
    "run_first_s": 17.999,
    "run_last_s": 24.061,
    "sample_count": 20
  },
  "rgb_dropout_contract": {
    "duplicate_count": 0,
    "effective_frequency_hz": 1000.0000000000867,
    "first_timestamp_s": 20.987000000000002,
    "last_timestamp_s": 21.006,
    "max_interval_s": 0.0010000000000012221,
    "mean_interval_s": 0.0009999999999999133,
    "min_interval_s": 0.0009999999999976694,
    "monotonic": true,
    "negative_jump_count": 0,
    "p50_interval_s": 0.0010000000000012221,
    "p95_interval_s": 0.0010000000000012221,
    "run_duration_s": 6.071999999999999,
    "run_first_s": 17.989,
    "run_last_s": 24.061,
    "sample_count": 20
  },
  "robot_obstacle": {
    "duplicate_count": 0,
    "effective_frequency_hz": 1000.0000000000867,
    "first_timestamp_s": 20.986,
    "last_timestamp_s": 21.005,
    "max_interval_s": 0.0010000000000012221,
    "mean_interval_s": 0.0009999999999999133,
    "min_interval_s": 0.0009999999999976694,
    "monotonic": true,
    "negative_jump_count": 0,
    "p50_interval_s": 0.0010000000000012221,
    "p95_interval_s": 0.0010000000000012221,
    "run_duration_s": 6.077999999999999,
    "run_first_s": 17.983,
    "run_last_s": 24.061,
    "sample_count": 20
  },
  "semantic_infeasible": {
    "duplicate_count": 0,
    "effective_frequency_hz": 1000.0000000000867,
    "first_timestamp_s": 21.088,
    "last_timestamp_s": 21.107,
    "max_interval_s": 0.0010000000000012221,
    "mean_interval_s": 0.0009999999999999133,
    "min_interval_s": 0.0009999999999976694,
    "monotonic": true,
    "negative_jump_count": 0,
    "p50_interval_s": 0.0010000000000012221,
    "p95_interval_s": 0.0010000000000012221,
    "run_duration_s": 6.152999999999999,
    "run_first_s": 18.012,
    "run_last_s": 24.165,
    "sample_count": 20
  },
  "single_static_obstacle": {
    "duplicate_count": 0,
    "effective_frequency_hz": 1000.0000000000867,
    "first_timestamp_s": 20.387,
    "last_timestamp_s": 20.406,
    "max_interval_s": 0.0010000000000012221,
    "mean_interval_s": 0.0009999999999999133,
    "min_interval_s": 0.0009999999999976694,
    "monotonic": true,
    "negative_jump_count": 0,
    "p50_interval_s": 0.0010000000000012221,
    "p95_interval_s": 0.0010000000000012221,
    "run_duration_s": 6.088999999999999,
    "run_first_s": 17.366,
    "run_last_s": 23.455,
    "sample_count": 20
  },
  "static_corridor": {
    "duplicate_count": 0,
    "effective_frequency_hz": 999.9999999998998,
    "first_timestamp_s": 21.287,
    "last_timestamp_s": 21.306,
    "max_interval_s": 0.0010000000000012221,
    "mean_interval_s": 0.0010000000000001002,
    "min_interval_s": 0.0009999999999976694,
    "monotonic": true,
    "negative_jump_count": 0,
    "p50_interval_s": 0.0010000000000012221,
    "p95_interval_s": 0.0010000000000012221,
    "run_duration_s": 6.099,
    "run_first_s": 18.262,
    "run_last_s": 24.361,
    "sample_count": 20
  },
  "vehicle_path": {
    "duplicate_count": 0,
    "effective_frequency_hz": 1000.0000000000867,
    "first_timestamp_s": 20.987000000000002,
    "last_timestamp_s": 21.006,
    "max_interval_s": 0.0010000000000012221,
    "mean_interval_s": 0.0009999999999999133,
    "min_interval_s": 0.0009999999999976694,
    "monotonic": true,
    "negative_jump_count": 0,
    "p50_interval_s": 0.0010000000000012221,
    "p95_interval_s": 0.0010000000000012221,
    "run_duration_s": 6.094999999999999,
    "run_first_s": 17.972,
    "run_last_s": 24.067,
    "sample_count": 20
  }
}
