{
  "human_path_center": {
    "angle_max": 3.141592653589793,
    "angle_min": -3.141592653589793,
    "angle_step": 0.03490658503988659,
    "duplicate_count": 0,
    "effective_frequency_hz": 10.015814443858732,
    "finite_return_count": 460,
    "first_timestamp_s": 18.103,
    "infinite_no_return_count": 3160,
    "last_timestamp_s": 20.0,
    "max_interval_s": 0.10000000000000142,
    "mean_interval_s": 0.09984210526315782,
    "messages": 20,
    "min_interval_s": 0.09699999999999775,
    "monotonic": true,
    "nan_count": 0,
    "negative_jump_count": 0,
    "p50_interval_s": 0.10000000000000142,
    "p95_interval_s": 0.10000000000000142,
    "range_max": 8.0,
    "range_min": 0.05,
    "sample_count": 20,
    "samples_per_message": 181
  },
  "human_path_side": {
    "angle_max": 3.141592653589793,
    "angle_min": -3.141592653589793,
    "angle_step": 0.03490658503988659,
    "duplicate_count": 0,
    "effective_frequency_hz": 10.520487264673326,
    "finite_return_count": 460,
    "first_timestamp_s": 18.094,
    "infinite_no_return_count": 3160,
    "last_timestamp_s": 19.9,
    "max_interval_s": 0.10000000000000142,
    "mean_interval_s": 0.09505263157894724,
    "messages": 20,
    "min_interval_s": 0.006000000000000227,
    "monotonic": true,
    "nan_count": 0,
    "negative_jump_count": 0,
    "p50_interval_s": 0.10000000000000142,
    "p95_interval_s": 0.10000000000000142,
    "range_max": 8.0,
    "range_min": 0.05,
    "sample_count": 20,
    "samples_per_message": 181
  },
  "initial_collision": {
    "angle_max": 3.141592653589793,
    "angle_min": -3.141592653589793,
    "angle_step": 0.03490658503988659,
    "duplicate_count": 0,
    "effective_frequency_hz": 10.428100987925362,
    "finite_return_count": 1300,
    "first_timestamp_s": 18.078,
    "infinite_no_return_count": 2320,
    "last_timestamp_s": 19.9,
    "max_interval_s": 0.10000000000000142,
    "mean_interval_s": 0.09589473684210521,
    "messages": 20,
    "min_interval_s": 0.022000000000002018,
    "monotonic": true,
    "nan_count": 0,
    "negative_jump_count": 0,
    "p50_interval_s": 0.10000000000000142,
    "p95_interval_s": 0.10000000000000142,
    "range_max": 8.0,
    "range_min": 0.05,
    "sample_count": 20,
    "samples_per_message": 181
  },
  "narrow_passage": {
    "angle_max": 3.141592653589793,
    "angle_min": -3.141592653589793,
    "angle_step": 0.03490658503988659,
    "duplicate_count": 0,
    "effective_frequency_hz": 10.209564750134332,
    "finite_return_count": 880,
    "first_timestamp_s": 18.339,
    "infinite_no_return_count": 2740,
    "last_timestamp_s": 20.2,
    "max_interval_s": 0.10000000000000142,
    "mean_interval_s": 0.09794736842105267,
    "messages": 20,
    "min_interval_s": 0.06099999999999994,
    "monotonic": true,
    "nan_count": 0,
    "negative_jump_count": 0,
    "p50_interval_s": 0.10000000000000142,
    "p95_interval_s": 0.10000000000000142,
    "range_max": 8.0,
    "range_min": 0.05,
    "sample_count": 20,
    "samples_per_message": 181
  },
  "outdated_rgb_contract": {
    "angle_max": 3.141592653589793,
    "angle_min": -3.141592653589793,
    "angle_step": 0.03490658503988659,
    "duplicate_count": 0,
    "effective_frequency_hz": 10.49144119271121,
    "finite_return_count": 460,
    "first_timestamp_s": 18.089,
    "infinite_no_return_count": 3160,
    "last_timestamp_s": 19.9,
    "max_interval_s": 0.10000000000000142,
    "mean_interval_s": 0.0953157894736842,
    "messages": 20,
    "min_interval_s": 0.011000000000002785,
    "monotonic": true,
    "nan_count": 0,
    "negative_jump_count": 0,
    "p50_interval_s": 0.10000000000000142,
    "p95_interval_s": 0.10000000000000142,
    "range_max": 8.0,
    "range_min": 0.05,
    "sample_count": 20,
    "samples_per_message": 181
  },
  "rgb_dropout_contract": {
    "angle_max": 3.141592653589793,
    "angle_min": -3.141592653589793,
    "angle_step": 0.03490658503988659,
    "duplicate_count": 0,
    "effective_frequency_hz": 10.4625550660793,
    "finite_return_count": 460,
    "first_timestamp_s": 18.084,
    "infinite_no_return_count": 3160,
    "last_timestamp_s": 19.9,
    "max_interval_s": 0.10000000000000142,
    "mean_interval_s": 0.095578947368421,
    "messages": 20,
    "min_interval_s": 0.01600000000000179,
    "monotonic": true,
    "nan_count": 0,
    "negative_jump_count": 0,
    "p50_interval_s": 0.10000000000000142,
    "p95_interval_s": 0.10000000000000142,
    "range_max": 8.0,
    "range_min": 0.05,
    "sample_count": 20,
    "samples_per_message": 181
  },
  "robot_obstacle": {
    "angle_max": 3.141592653589793,
    "angle_min": -3.141592653589793,
    "angle_step": 0.03490658503988659,
    "duplicate_count": 0,
    "effective_frequency_hz": 10.410958904109593,
    "finite_return_count": 420,
    "first_timestamp_s": 18.075,
    "infinite_no_return_count": 3200,
    "last_timestamp_s": 19.9,
    "max_interval_s": 0.10000000000000142,
    "mean_interval_s": 0.09605263157894733,
    "messages": 20,
    "min_interval_s": 0.02500000000000213,
    "monotonic": true,
    "nan_count": 0,
    "negative_jump_count": 0,
    "p50_interval_s": 0.10000000000000142,
    "p95_interval_s": 0.10000000000000142,
    "range_max": 8.0,
    "range_min": 0.05,
    "sample_count": 20,
    "samples_per_message": 181
  },
  "semantic_infeasible": {
    "angle_max": 3.141592653589793,
    "angle_min": -3.141592653589793,
    "angle_step": 0.03490658503988659,
    "duplicate_count": 0,
    "effective_frequency_hz": 10.010537407797683,
    "finite_return_count": 460,
    "first_timestamp_s": 18.102,
    "infinite_no_return_count": 3160,
    "last_timestamp_s": 20.0,
    "max_interval_s": 0.10000000000000142,
    "mean_interval_s": 0.09989473684210524,
    "messages": 20,
    "min_interval_s": 0.09799999999999898,
    "monotonic": true,
    "nan_count": 0,
    "negative_jump_count": 0,
    "p50_interval_s": 0.10000000000000142,
    "p95_interval_s": 0.10000000000000142,
    "range_max": 8.0,
    "range_min": 0.05,
    "sample_count": 20,
    "samples_per_message": 181
  },
  "single_static_obstacle": {
    "angle_max": 3.141592653589793,
    "angle_min": -3.141592653589793,
    "angle_step": 0.03490658503988659,
    "duplicate_count": 0,
    "effective_frequency_hz": 10.058231868713609,
    "finite_return_count": 460,
    "first_timestamp_s": 17.411,
    "infinite_no_return_count": 3160,
    "last_timestamp_s": 19.3,
    "max_interval_s": 0.10000000000000142,
    "mean_interval_s": 0.09942105263157891,
    "messages": 20,
    "min_interval_s": 0.08899999999999864,
    "monotonic": true,
    "nan_count": 0,
    "negative_jump_count": 0,
    "p50_interval_s": 0.10000000000000142,
    "p95_interval_s": 0.10000000000000142,
    "range_max": 8.0,
    "range_min": 0.05,
    "sample_count": 20,
    "samples_per_message": 181
  },
  "static_corridor": {
    "angle_max": 3.141592653589793,
    "angle_min": -3.141592653589793,
    "angle_step": 0.03490658503988659,
    "duplicate_count": 0,
    "effective_frequency_hz": 10.286951813752042,
    "finite_return_count": 880,
    "first_timestamp_s": 18.353,
    "infinite_no_return_count": 2740,
    "last_timestamp_s": 20.2,
    "max_interval_s": 0.10000000000000142,
    "mean_interval_s": 0.09721052631578936,
    "messages": 20,
    "min_interval_s": 0.046999999999997044,
    "monotonic": true,
    "nan_count": 0,
    "negative_jump_count": 0,
    "p50_interval_s": 0.10000000000000142,
    "p95_interval_s": 0.10000000000000142,
    "range_max": 8.0,
    "range_min": 0.05,
    "sample_count": 20,
    "samples_per_message": 181
  },
  "vehicle_path": {
    "angle_max": 3.141592653589793,
    "angle_min": -3.141592653589793,
    "angle_step": 0.03490658503988659,
    "duplicate_count": 0,
    "effective_frequency_hz": 10.348583877995651,
    "finite_return_count": 460,
    "first_timestamp_s": 18.064,
    "infinite_no_return_count": 3160,
    "last_timestamp_s": 19.9,
    "max_interval_s": 0.10000000000000142,