{
  "human_path_center": {
    "child_frame_id": "base_link",
    "duplicate_count": 0,
    "effective_frequency_hz": 50.00000000000013,
    "finite": true,
    "first_timestamp_s": 20.66,
    "frame_id": "odom",
    "last_timestamp_s": 21.04,
    "max_interval_s": 0.020000000000003126,
    "mean_interval_s": 0.01999999999999995,
    "messages": 20,
    "min_interval_s": 0.019999999999999574,
    "monotonic": true,
    "negative_jump_count": 0,
    "p50_interval_s": 0.019999999999999574,
    "p95_interval_s": 0.020000000000003126,
    "sample_count": 20
  },
  "human_path_side": {
    "child_frame_id": "base_link",
    "duplicate_count": 0,
    "effective_frequency_hz": 49.99999999999966,
    "finite": true,
    "first_timestamp_s": 20.56,
    "frame_id": "odom",
    "last_timestamp_s": 20.94,
    "max_interval_s": 0.020000000000003126,
    "mean_interval_s": 0.020000000000000136,
    "messages": 20,
    "min_interval_s": 0.019999999999999574,
    "monotonic": true,
    "negative_jump_count": 0,
    "p50_interval_s": 0.019999999999999574,
    "p95_interval_s": 0.020000000000003126,
    "sample_count": 20
  },
  "initial_collision": {
    "child_frame_id": "base_link",
    "duplicate_count": 0,
    "effective_frequency_hz": 49.99999999999966,
    "finite": true,
    "first_timestamp_s": 20.56,
    "frame_id": "odom",
    "last_timestamp_s": 20.94,
    "max_interval_s": 0.020000000000003126,
    "mean_interval_s": 0.020000000000000136,
    "messages": 20,
    "min_interval_s": 0.019999999999999574,
    "monotonic": true,
    "negative_jump_count": 0,
    "p50_interval_s": 0.019999999999999574,
    "p95_interval_s": 0.020000000000003126,
    "sample_count": 20
  },
  "narrow_passage": {
    "child_frame_id": "base_link",
    "duplicate_count": 0,
    "effective_frequency_hz": 50.00000000000013,
    "finite": true,
    "first_timestamp_s": 20.86,
    "frame_id": "odom",
    "last_timestamp_s": 21.24,
    "max_interval_s": 0.020000000000003126,
    "mean_interval_s": 0.01999999999999995,
    "messages": 20,
    "min_interval_s": 0.019999999999999574,
    "monotonic": true,
    "negative_jump_count": 0,
    "p50_interval_s": 0.019999999999999574,
    "p95_interval_s": 0.020000000000003126,
    "sample_count": 20
  },
  "outdated_rgb_contract": {
    "child_frame_id": "base_link",
    "duplicate_count": 0,
    "effective_frequency_hz": 49.99999999999966,
    "finite": true,
    "first_timestamp_s": 20.56,
    "frame_id": "odom",
    "last_timestamp_s": 20.94,
    "max_interval_s": 0.020000000000003126,
    "mean_interval_s": 0.020000000000000136,
    "messages": 20,
    "min_interval_s": 0.019999999999999574,
    "monotonic": true,
    "negative_jump_count": 0,
    "p50_interval_s": 0.019999999999999574,
    "p95_interval_s": 0.020000000000003126,
    "sample_count": 20
  },
  "rgb_dropout_contract": {
    "child_frame_id": "base_link",
    "duplicate_count": 0,
    "effective_frequency_hz": 49.99999999999966,
    "finite": true,
    "first_timestamp_s": 20.56,
    "frame_id": "odom",
    "last_timestamp_s": 20.94,
    "max_interval_s": 0.020000000000003126,
    "mean_interval_s": 0.020000000000000136,
    "messages": 20,
    "min_interval_s": 0.019999999999999574,
    "monotonic": true,
    "negative_jump_count": 0,
    "p50_interval_s": 0.019999999999999574,
    "p95_interval_s": 0.020000000000003126,
    "sample_count": 20
  },
  "robot_obstacle": {
    "child_frame_id": "base_link",
    "duplicate_count": 0,
    "effective_frequency_hz": 49.99999999999966,
    "finite": true,
    "first_timestamp_s": 20.56,
    "frame_id": "odom",
    "last_timestamp_s": 20.94,
    "max_interval_s": 0.020000000000003126,
    "mean_interval_s": 0.020000000000000136,
    "messages": 20,
    "min_interval_s": 0.019999999999999574,
    "monotonic": true,
    "negative_jump_count": 0,
    "p50_interval_s": 0.019999999999999574,
    "p95_interval_s": 0.020000000000003126,
    "sample_count": 20
  },
  "semantic_infeasible": {
    "child_frame_id": "base_link",
    "duplicate_count": 0,
    "effective_frequency_hz": 50.00000000000013,
    "finite": true,
    "first_timestamp_s": 20.66,
    "frame_id": "odom",
    "last_timestamp_s": 21.04,
    "max_interval_s": 0.020000000000003126,
    "mean_interval_s": 0.01999999999999995,
    "messages": 20,
    "min_interval_s": 0.019999999999999574,
    "monotonic": true,
    "negative_jump_count": 0,
    "p50_interval_s": 0.019999999999999574,
    "p95_interval_s": 0.020000000000003126,
    "sample_count": 20
  },
  "single_static_obstacle": {
    "child_frame_id": "base_link",
    "duplicate_count": 0,
    "effective_frequency_hz": 50.00000000000013,
    "finite": true,
    "first_timestamp_s": 19.96,
    "frame_id": "odom",
    "last_timestamp_s": 20.34,
    "max_interval_s": 0.020000000000003126,
    "mean_interval_s": 0.01999999999999995,
    "messages": 20,
    "min_interval_s": 0.019999999999999574,
    "monotonic": true,
    "negative_jump_count": 0,
    "p50_interval_s": 0.019999999999999574,
    "p95_interval_s": 0.020000000000003126,
    "sample_count": 20
  },
  "static_corridor": {
    "child_frame_id": "base_link",
    "duplicate_count": 0,
    "effective_frequency_hz": 50.00000000000013,
    "finite": true,
    "first_timestamp_s": 20.86,
    "frame_id": "odom",
    "last_timestamp_s": 21.24,
    "max_interval_s": 0.020000000000003126,
    "mean_interval_s": 0.01999999999999995,
    "messages": 20,
    "min_interval_s": 0.019999999999999574,
    "monotonic": true,
    "negative_jump_count": 0,
    "p50_interval_s": 0.019999999999999574,
    "p95_interval_s": 0.020000000000003126,
    "sample_count": 20
  },
  "vehicle_path": {
    "child_frame_id": "base_link",
    "duplicate_count": 0,
    "effective_frequency_hz": 49.99999999999966,
    "finite": true,
    "first_timestamp_s": 20.56,
    "frame_id": "odom",
    "last_timestamp_s": 20.94,
    "max_interval_s": 0.020000000000003126,
    "mean_interval_s": 0.020000000000000136,
    "messages": 20,
    "min_interval_s": 0.019999999999999574,
    "monotonic": true,
    "negative_jump_count": 0,
    "p50_interval_s": 0.019999999999999574,
    "p95_interval_s": 0.020000000000003126,
    "sample_count": 20
  }
}
