{
  "generation_seconds": 50.083191234999504,
  "mean_scene_seconds": 0.5008280905399988,
  "max_rss_kb": 648648,
  "sample_count": 3200,
  "scene_count": 100
}
