{"camera_info": {"frame_id": "sgcf_robot/camera_link/rgb_camera", "height": 240, "k": [179.99998092651367, 0.0, 160.0, 0.0, 179.99998569488525, 120.0, 0.0, 0.0, 1.0], "stamp": 5.6, "width": 320}, "goal": [4.0, 0.0, 0.0], "image": {"encoding": "rgb8", "frame_id": "sgcf_robot/camera_link/rgb_camera", "height": 240, "stamp": 5.6, "width": 320}, "laser": {"angle_increment": 0.03490658476948738, "angle_min": -3.1415927410125732, "frame_id": "sgcf_robot/lidar_link/lidar", "observable_points_robot": [[1.8963836505811569, -0.7661889690519239], [1.9020233060069323, -0.6922801031701792], [1.897496344486868, -0.6165341651981863], [1.901224242765631, -0.5451675044039174], [1.8969129820060557, -0.47295374673240764], [1.899432146752543, -0.40373698488724624], [1.9011580942325794, -0.33522568303217304], [2.0439445555035927, -0.2872579046019613], [2.6746557307030705, -0.2811179451990336], [1.406806826591483, -1.5722291468733794e-07], [1.2496014289607402, 0.04363690329484914], [1.2056213593537528, 0.08430512201789776], [1.1757070374169394, 0.12357165525290292], [1.1510237639445489, 0.16176570809979265], [1.1268584629270992, 0.19869541903108728], [1.115804694434552, 0.2371714771173014], [1.104776655256616, 0.2754516236780378], [1.102316776121223, 0.3160841132938742], [1.1003377991754353, 0.35752128454633153], [1.1090475511509754, 0.4036601532433082], [1.1176823937866662, 0.45157285007612274], [1.1498712439921384, 0.5119555037839094], [1.234019674834131, 0.6018714342588748]], "observable_points_world": [[1.8963836505811569, -0.7661889690519239], [1.9020233060069323, -0.6922801031701792], [1.897496344486868, -0.6165341651981863], [1.901224242765631, -0.5451675044039174], [1.8969129820060557, -0.47295374673240764], [1.899432146752543, -0.40373698488724624], [1.9011580942325794, -0.33522568303217304], [2.0439445555035927, -0.2872579046019613], [2.6746557307030705, -0.2811179451990336], [1.406806826591483, -1.5722291468761185e-07], [1.2496014289607402, 0.04363690329484914], [1.2056213593537528, 0.08430512201789776], [1.1757070374169394, 0.12357165525290292], [1.1510237639445489, 0.16176570809979265], [1.1268584629270992, 0.19869541903108728], [1.115804694434552, 0.2371714771173014], [1.104776655256616, 0.2754516236780378], [1.102316776121223, 0.3160841132938742], [1.1003377991754353, 0.35752128454633153], [1.1090475511509754, 0.4036601532433082], [1.1176823937866662, 0.45157285007612274], [1.1498712439921384, 0.5119555037839094], [1.234019674834131, 0.6018714342588748]], "ordered_points": [[-Infinity, Infinity], [-Infinity, -Infinity], [-Infinity, -Infinity], [-Infinity, -Infinity], [-Infinity, -Infinity], [-Infinity, -Infinity], [-Infinity, -Infinity], [-Infinity, -Infinity], [-Infinity, -Infinity], [-Infinity, -Infinity], [-Infinity, -Infinity], [-Infinity, -Infinity], [-Infinity, -Infinity], [-Infinity, -Infinity], [-Infinity, -Infinity], [-Infinity, -Infinity], [-Infinity, -Infinity], [-Infinity, -Infinity], [-Infinity, -Infinity], [-Infinity, -Infinity], [-Infinity, -Infinity], [-Infinity, -Infinity], [-Infinity, -Infinity], [-Infinity, -Infinity], [-Infinity, -Infinity], [-Infinity, -Infinity], [-Infinity, -Infinity], [-Infinity, -Infinity], [-Infinity, -Infinity], [-Infinity, -Infinity], [-Infinity, -Infinity], [-Infinity, -Infinity], [-Infinity, -Infinity], [-Infinity, -Infinity], [-Infinity, -Infinity], [-Infinity, -Infinity], [-Infinity, -Infinity], [-Infinity, -Infinity], [-Infinity, -Infinity], [-Infinity, -Infinity], [-Infinity, -Infinity], [-Infinity, -Infinity], [-Infinity, -Infinity], [-Infinity, -Infinity], [-Infinity, -Infinity], [-Infinity, -Infinity], [Infinity, -Infinity], [Infinity, -Infinity], [Infinity, -Infinity], [Infinity, -Infinity], [Infinity, -Infinity], [Infinity, -Infinity], [Infinity, -Infinity], [Infinity, -Infinity], [Infinity, -Infinity], [Infinity, -Infinity], [Infinity, -Infinity], [Infinity, -Infinity], [Infinity, -Infinity], [Infinity, -Infinity], [Infinity, -Infinity], [Infinity, -Infinity], [Infinity, -Infinity], [Infinity, -Infinity], [Infinity, -Infinity], [Infinity, -Infinity], [Infinity, -Infinity], [Infinity, -Infinity], [Infinity, -Infinity], [Infinity, -Infinity], [Infinity, -Infinity], [Infinity, -Infinity], [Infinity, -Infinity], [Infinity, -Infinity], [Infinity, -Infinity], [Infinity, -Infinity], [Infinity, -Infinity], [Infinity, -Infinity], [Infinity, -Infinity], [1.8963836505811569, -0.7661889690519239], [1.9020233060069323, -0.6922801031701792], [1.897496344486868, -0.6165341651981863], [1.901224242765631, -0.5451675044039174], [1.8969129820060557, -0.47295374673240764], [1.899432146752543, -0.40373698488724624], [1.9011580942325794, -0.33522568303217304], [2.0439445555035927, -0.2872579046019613], [2.6746557307030705, -0.2811179451990336], [Infinity, -Infinity], [Infinity, -Infinity], [1.406806826591483, -1.5722291468733794e-07], [1.2496014289607402, 0.04363690329484914], [1.2056213593537528, 0.08430512201789776], [1.1757070374169394, 0.12357165525290292], [1.1510237639445489, 0.16176570809979265], [1.1268584629270992, 0.19869541903108728], [1.115804694434552, 0.2371714771173014], [1.104776655256616, 0.2754516236780378], [1.102316776121223, 0.3160841132938742], [1.1003377991754353, 0.35752128454633153], [1.1090475511509754, 0.4036601532433082], [1.1176823937866662, 0.45157285007612274], [1.1498712439921384, 0.5119555037839094], [1.234019674834131, 0.6018714342588748], [Infinity, Infinity], [Infinity, Infinity], [Infinity, Infinity], [Infinity, Infinity], [Infinity, Infinity], [Infinity, Infinity], [Infinity, Infinity], [Infinity, Infinity], [Infinity, Infinity], [Infinity, Infinity], [Infinity, Infinity], [Infinity, Infinity], [Infinity, Infinity], [Infinity, Infinity], [Infinity, Infinity], [Infinity, Infinity], [Infinity, Infinity], [Infinity, Infinity], [Infinity, Infinity], [Infinity, Infinity], [Infinity, Infinity], [Infinity, Infinity], [Infinity, Infinity], [Infinity, Infinity], [Infinity, Infinity], [Infinity, Infinity], [Infinity, Infinity], [Infinity, Infinity], [Infinity, Infinity], [Infinity, Infinity], [Infinity, Infinity], [Infinity, Infinity], [-Infinity, Infinity], [-Infinity, Infinity], [-Infinity, Infinity], [-Infinity, Infinity], [-Infinity, Infinity], [-Infinity, Infinity], [-Infinity, Infinity], [-Infinity, Infinity], [-Infinity, Infinity], [-Infinity, Infinity], [-Infinity, Infinity], [-Infinity, Infinity], [-Infinity, Infinity], [-Infinity, Infinity], [-Infinity, Infinity], [-Infinity, Infinity], [-Infinity, Infinity], [-Infinity, Infinity], [-Infinity, Infinity], [-Infinity, Infinity], [-Infinity, Infinity], [-Infinity, Infinity], [-Infinity, Infinity], [-Infinity, Infinity], [-Infinity, Infinity], [-Infinity, Infinity], [-Infinity, Infinity], [-Infinity, Infinity], [-Infinity, Infinity], [-Infinity, Infinity], [-Infinity, Infinity], [-Infinity, Infinity], [-Infinity, Infinity], [-Infinity, Infinity], [-Infinity, Infinity], [-Infinity, Infinity], [-Infinity, Infinity], [-Infinity, Infinity], [-Infinity, Infinity], [-Infinity, Infinity], [-Infinity, Infinity], [-Infinity, Infinity], [-Infinity, Infinity], [-Infinity, Infinity], [-Infinity, Infinity]], "range_max": 8.0, "range_min": 0.05000000074505806,