{
  "empty_world": {
    "duplicate_count": 0,
    "effective_frequency_hz": 10.286951813752024,
    "finite_return_count": 0,
    "first_timestamp_s": 17.253,
    "last_timestamp_s": 19.1,
    "max_interval_s": 0.10000000000000142,
    "mean_interval_s": 0.09721052631578954,
    "min_interval_s": 0.0470000000000006,
    "monotonic": true,
    "negative_jump_count": 0,
    "p50_interval_s": 0.10000000000000142,
    "p95_interval_s": 0.10000000000000142,
    "range_max": 8.0,
    "range_min": 0.05,
    "sample_count": 20,
    "samples_per_message": 181
  },
  "human_path_center": {
    "duplicate_count": 0,
    "effective_frequency_hz": 10.503040353786616,
    "finite_return_count": 260,
    "first_timestamp_s": 17.291,
    "last_timestamp_s": 19.1,
    "max_interval_s": 0.10000000000000142,
    "mean_interval_s": 0.09521052631578952,
    "min_interval_s": 0.009000000000000341,
    "monotonic": true,
    "negative_jump_count": 0,
    "p50_interval_s": 0.10000000000000142,
    "p95_interval_s": 0.10000000000000142,
    "range_max": 8.0,
    "range_min": 0.05,
    "sample_count": 20,
    "samples_per_message": 181
  },
  "human_path_side": {
    "duplicate_count": 0,
    "effective_frequency_hz": 10.410958904109574,
    "finite_return_count": 260,
    "first_timestamp_s": 17.275,
    "last_timestamp_s": 19.1,
    "max_interval_s": 0.10000000000000142,
    "mean_interval_s": 0.09605263157894751,
    "min_interval_s": 0.02500000000000213,
    "monotonic": true,
    "negative_jump_count": 0,
    "p50_interval_s": 0.10000000000000142,
    "p95_interval_s": 0.10000000000000142,
    "range_max": 8.0,
    "range_min": 0.05,
    "sample_count": 20,
    "samples_per_message": 181
  },
  "initial_collision": {
    "duplicate_count": 0,
    "effective_frequency_hz": 10.503040353786616,
    "finite_return_count": 1100,
    "first_timestamp_s": 17.291,
    "last_timestamp_s": 19.1,
    "max_interval_s": 0.10000000000000142,
    "mean_interval_s": 0.09521052631578952,
    "min_interval_s": 0.009000000000000341,
    "monotonic": true,
    "negative_jump_count": 0,
    "p50_interval_s": 0.10000000000000142,
    "p95_interval_s": 0.10000000000000142,
    "range_max": 8.0,
    "range_min": 0.05,
    "sample_count": 20,
    "samples_per_message": 181
  },
  "narrow_passage": {
    "duplicate_count": 0,
    "effective_frequency_hz": 10.514665190924172,
    "finite_return_count": 680,
    "first_timestamp_s": 17.293,
    "last_timestamp_s": 19.1,
    "max_interval_s": 0.10000000000000142,
    "mean_interval_s": 0.09510526315789485,
    "min_interval_s": 0.0070000000000014495,
    "monotonic": true,
    "negative_jump_count": 0,
    "p50_interval_s": 0.10000000000000142,
    "p95_interval_s": 0.10000000000000142,
    "range_max": 8.0,
    "range_min": 0.05,
    "sample_count": 20,
    "samples_per_message": 181
  },
  "outdated_rgb_contract": {
    "duplicate_count": 0,
    "effective_frequency_hz": 10.382513661202175,
    "finite_return_count": 260,
    "first_timestamp_s": 17.27,
    "last_timestamp_s": 19.1,
    "max_interval_s": 0.10000000000000142,
    "mean_interval_s": 0.09631578947368431,
    "min_interval_s": 0.030000000000001137,
    "monotonic": true,
    "negative_jump_count": 0,
    "p50_interval_s": 0.10000000000000142,
    "p95_interval_s": 0.10000000000000142,
    "range_max": 8.0,
    "range_min": 0.05,
    "sample_count": 20,
    "samples_per_message": 181
  },
  "rgb_dropout_contract": {
    "status": "NOT_COMPLETED_DUE_TO_EARLIER_STOP"
  },
  "robot_obstacle": {
    "duplicate_count": 0,
    "effective_frequency_hz": 10.005265929436542,
    "finite_return_count": 220,
    "first_timestamp_s": 17.301,
    "last_timestamp_s": 19.2,
    "max_interval_s": 0.10000000000000142,
    "mean_interval_s": 0.09994736842105267,
    "min_interval_s": 0.0990000000000002,
    "monotonic": true,
    "negative_jump_count": 0,
    "p50_interval_s": 0.10000000000000142,
    "p95_interval_s": 0.10000000000000142,
    "range_max": 8.0,
    "range_min": 0.05,
    "sample_count": 20,
    "samples_per_message": 181
  },
  "semantic_infeasible": {
    "duplicate_count": 0,
    "effective_frequency_hz": 10.281385281385287,
    "finite_return_count": 260,
    "first_timestamp_s": 17.352,
    "last_timestamp_s": 19.2,
    "max_interval_s": 0.10000000000000142,
    "mean_interval_s": 0.09726315789473679,
    "min_interval_s": 0.047999999999998266,
    "monotonic": true,
    "negative_jump_count": 0,
    "p50_interval_s": 0.10000000000000142,
    "p95_interval_s": 0.10000000000000142,
    "range_max": 8.0,
    "range_min": 0.05,
    "sample_count": 20,
    "samples_per_message": 181
  },
  "single_static_obstacle": {
    "duplicate_count": 0,
    "effective_frequency_hz": 10.503040353786616,
    "finite_return_count": 260,
    "first_timestamp_s": 17.291,
    "last_timestamp_s": 19.1,
    "max_interval_s": 0.10000000000000142,
    "mean_interval_s": 0.09521052631578952,
    "min_interval_s": 0.009000000000000341,
    "monotonic": true,
    "negative_jump_count": 0,
    "p50_interval_s": 0.10000000000000142,
    "p95_interval_s": 0.10000000000000142,
    "range_max": 8.0,
    "range_min": 0.05,
    "sample_count": 20,
    "samples_per_message": 181
  },
  "static_corridor": {
    "duplicate_count": 0,
    "effective_frequency_hz": 10.074231177094383,
    "finite_return_count": 680,
    "first_timestamp_s": 17.314,
    "last_timestamp_s": 19.2,
    "max_interval_s": 0.10000000000000142,
    "mean_interval_s": 0.0992631578947368,
    "min_interval_s": 0.08599999999999852,
    "monotonic": true,
    "negative_jump_count": 0,
    "p50_interval_s": 0.10000000000000142,
    "p95_interval_s": 0.10000000000000142,
    "range_max": 8.0,
    "range_min": 0.05,
    "sample_count": 20,
    "samples_per_message": 181
  },
  "vehicle_path": {
    "duplicate_count": 0,
    "effective_frequency_hz": 10.508849557522126,
    "finite_return_count": 260,
    "first_timestamp_s": 17.292,
    "last_timestamp_s": 19.1,
    "max_interval_s": 0.10000000000000142,
    "mean_interval_s": 0.0951578947368421,
    "min_interval_s": 0.007999999999999119,
    "monotonic": true,
    "negative_jump_count": 0,
    "p50_interval_s": 0.10000000000000142,
    "p95_interval_s": 0.10000000000000142,
    "range_max": 8.0,
    "range_min": 0.05,
    "sample_count": 20,
    "samples_per_message": 181
  }
}
