{
  "empty_world": {
    "camera": {
      "contract_hz": 10.0,
      "duplicate_count": 0,
      "effective_frequency_hz": 9.999999999999947,
      "first_timestamp_s": 19.2,
      "last_timestamp_s": 19.6,
      "max_interval_s": 0.10000000000000142,
      "mean_interval_s": 0.10000000000000053,
      "min_interval_s": 0.09999999999999787,
      "monotonic": true,
      "negative_jump_count": 0,
      "p50_interval_s": 0.10000000000000142,
      "p95_interval_s": 0.10000000000000142,
      "relative_error": 5.329070518200751e-15,
      "sample_count": 5
    },
    "lidar": {
      "contract_hz": 10.0,
      "duplicate_count": 0,
      "effective_frequency_hz": 10.286951813752024,
      "first_timestamp_s": 17.253,
      "last_timestamp_s": 19.1,
      "max_interval_s": 0.10000000000000142,
      "mean_interval_s": 0.09721052631578954,
      "min_interval_s": 0.0470000000000006,
      "monotonic": true,
      "negative_jump_count": 0,
      "p50_interval_s": 0.10000000000000142,
      "p95_interval_s": 0.10000000000000142,
      "relative_error": 0.028695181375202418,
      "sample_count": 20
    },
    "odometry": {
      "contract_hz": 50.0,
      "duplicate_count": 0,
      "effective_frequency_hz": 50.00000000000013,
      "first_timestamp_s": 19.78,
      "last_timestamp_s": 20.16,
      "max_interval_s": 0.020000000000003126,
      "mean_interval_s": 0.01999999999999995,
      "min_interval_s": 0.019999999999999574,
      "monotonic": true,
      "negative_jump_count": 0,
      "p50_interval_s": 0.019999999999999574,
      "p95_interval_s": 0.020000000000003126,
      "relative_error": 2.5579538487363606e-15,
      "sample_count": 20
    }
  },
  "human_path_center": {
    "camera": {
      "contract_hz": 10.0,
      "duplicate_count": 0,
      "effective_frequency_hz": 9.999999999999947,
      "first_timestamp_s": 19.2,
      "last_timestamp_s": 19.6,
      "max_interval_s": 0.10000000000000142,
      "mean_interval_s": 0.10000000000000053,
      "min_interval_s": 0.09999999999999787,
      "monotonic": true,
      "negative_jump_count": 0,
      "p50_interval_s": 0.10000000000000142,
      "p95_interval_s": 0.10000000000000142,
      "relative_error": 5.329070518200751e-15,
      "sample_count": 5
    },
    "lidar": {
      "contract_hz": 10.0,
      "duplicate_count": 0,
      "effective_frequency_hz": 10.503040353786616,
      "first_timestamp_s": 17.291,
      "last_timestamp_s": 19.1,
      "max_interval_s": 0.10000000000000142,
      "mean_interval_s": 0.09521052631578952,
      "min_interval_s": 0.009000000000000341,
      "monotonic": true,
      "negative_jump_count": 0,
      "p50_interval_s": 0.10000000000000142,
      "p95_interval_s": 0.10000000000000142,
      "relative_error": 0.05030403537866164,
      "sample_count": 20
    },
    "odometry": {
      "contract_hz": 50.0,
      "duplicate_count": 0,
      "effective_frequency_hz": 50.00000000000013,
      "first_timestamp_s": 19.78,
      "last_timestamp_s": 20.16,
      "max_interval_s": 0.020000000000003126,
      "mean_interval_s": 0.01999999999999995,
      "min_interval_s": 0.019999999999999574,
      "monotonic": true,
      "negative_jump_count": 0,
      "p50_interval_s": 0.019999999999999574,
      "p95_interval_s": 0.020000000000003126,
      "relative_error": 2.5579538487363606e-15,
      "sample_count": 20
    }
  },
  "human_path_side": {
    "camera": {
      "contract_hz": 10.0,
      "duplicate_count": 0,
      "effective_frequency_hz": 9.999999999999947,
      "first_timestamp_s": 19.2,
      "last_timestamp_s": 19.6,
      "max_interval_s": 0.10000000000000142,
      "mean_interval_s": 0.10000000000000053,
      "min_interval_s": 0.09999999999999787,
      "monotonic": true,
      "negative_jump_count": 0,
      "p50_interval_s": 0.10000000000000142,
      "p95_interval_s": 0.10000000000000142,
      "relative_error": 5.329070518200751e-15,
      "sample_count": 5
    },
    "lidar": {
      "contract_hz": 10.0,
      "duplicate_count": 0,
      "effective_frequency_hz": 10.410958904109574,
      "first_timestamp_s": 17.275,
      "last_timestamp_s": 19.1,
      "max_interval_s": 0.10000000000000142,
      "mean_interval_s": 0.09605263157894751,
      "min_interval_s": 0.02500000000000213,
      "monotonic": true,
      "negative_jump_count": 0,
      "p50_interval_s": 0.10000000000000142,
      "p95_interval_s": 0.10000000000000142,
      "relative_error": 0.04109589041095738,
      "sample_count": 20
    },
    "odometry": {
      "contract_hz": 50.0,
      "duplicate_count": 0,
      "effective_frequency_hz": 50.00000000000013,
      "first_timestamp_s": 19.78,
      "last_timestamp_s": 20.16,
      "max_interval_s": 0.020000000000003126,
      "mean_interval_s": 0.01999999999999995,
      "min_interval_s": 0.019999999999999574,
      "monotonic": true,
      "negative_jump_count": 0,
      "p50_interval_s": 0.019999999999999574,
      "p95_interval_s": 0.020000000000003126,
      "relative_error": 2.5579538487363606e-15,
      "sample_count": 20
    }
  },
  "initial_collision": {
    "camera": {
      "contract_hz": 10.0,
      "duplicate_count": 0,
      "effective_frequency_hz": 9.999999999999947,
      "first_timestamp_s": 19.2,
      "last_timestamp_s": 19.6,
      "max_interval_s": 0.10000000000000142,
      "mean_interval_s": 0.10000000000000053,
      "min_interval_s": 0.09999999999999787,
      "monotonic": true,
      "negative_jump_count": 0,
      "p50_interval_s": 0.10000000000000142,
      "p95_interval_s": 0.10000000000000142,
      "relative_error": 5.329070518200751e-15,
      "sample_count": 5
    },
    "lidar": {
      "contract_hz": 10.0,
      "duplicate_count": 0,
      "effective_frequency_hz": 10.503040353786616,
      "first_timestamp_s": 17.291,
      "last_timestamp_s": 19.1,
      "max_interval_s": 0.10000000000000142,
      "mean_interval_s": 0.09521052631578952,
      "min_interval_s": 0.009000000000000341,
      "monotonic": true,
      "negative_jump_count": 0,
      "p50_interval_s": 0.10000000000000142,
      "p95_interval_s": 0.10000000000000142,
      "relative_error": 0.05030403537866164,
      "sample_count": 20
    },
    "odometry": {
      "contract_hz": 50.0,
      "duplicate_count": 0,
      "effective_frequency_hz": 50.00000000000013,
      "first_timestamp_s": 19.78,
      "last_timestamp_s": 20.16,
      "max_interval_s": 0.020000000000003126,
      "mean_interval_s": 0.01999999999999995,
      "min_interval_s": 0.019999999999999574,
      "monotonic": true,
      "negative_jump_count": 0,
      "p50_interval_s": 0.019999999999999574,
      "p95_interval_s": 0.020000000000003126,
      "relative_error": 2.5579538487363606e-15,
      "sample_count": 20
    }
  },
  "narrow_passage": {
    "camera": {
      "contract_hz": 10.0,
      "duplicate_count": 0,
      "effective_frequency_hz": 9.999999999999947,
      "first_timestamp_s": 19.2,
      "last_timestamp_s": 19.6,
      "max_interval_s": 0.10000000000000142,
      "mean_interval_s": 0.10000000000000053,
      "min_interval_s": 0.09999999999999787,
      "monotonic": true,
      "negative_jump_count": 0,
      "p50_interval_s": 0.10000000000000142,
      "p95_interval_s": 0.10000000000000142,
      "relative_error": 5.329070518200751e-15,
      "sample_count": 5
    },
    "lidar": {
      "contract_hz": 10.0,
      "duplicate_count": 0,
      "effective_frequency_hz": 10.514665190924172,
      "first_timestamp_s": 17.293,
      "last_timestamp_s": 19.1,
      "max_interval_s": 0.10000000000000142,
      "mean_interval_s": 0.09510526315789485,
      "min_interval_s": 0.0070000000000014495,
      "monotonic": true,
      "negative_jump_count": 0,
      "p50_interval_s": 0.10000000000000142,
      "p95_interval_s": 0.10000000000000142,
      "relative_error": 0.05146651909241715,
      "sample_count": 20
    },
    "odometry": {
      "contract_hz": 50.0,
      "duplicate_count": 0,
      "effective_frequency_hz": 50.00000000000013,