{
  "empty_world": {
    "duplicate_count": 0,
    "effective_frequency_hz": 1000.0000000000867,
    "first_timestamp_s": 20.23,
    "last_timestamp_s": 20.249,
    "max_interval_s": 0.0010000000000012221,
    "mean_interval_s": 0.0009999999999999133,
    "min_interval_s": 0.0009999999999976694,
    "monotonic": true,
    "negative_jump_count": 0,
    "p50_interval_s": 0.0010000000000012221,
    "p95_interval_s": 0.0010000000000012221,
    "sample_count": 20
  },
  "human_path_center": {
    "duplicate_count": 0,
    "effective_frequency_hz": 1000.0000000000867,
    "first_timestamp_s": 20.247,
    "last_timestamp_s": 20.266,
    "max_interval_s": 0.0010000000000012221,
    "mean_interval_s": 0.0009999999999999133,
    "min_interval_s": 0.0009999999999976694,
    "monotonic": true,
    "negative_jump_count": 0,
    "p50_interval_s": 0.0010000000000012221,
    "p95_interval_s": 0.0010000000000012221,
    "sample_count": 20
  },
  "human_path_side": {
    "duplicate_count": 0,
    "effective_frequency_hz": 1000.0000000000867,
    "first_timestamp_s": 20.23,
    "last_timestamp_s": 20.249,
    "max_interval_s": 0.0010000000000012221,
    "mean_interval_s": 0.0009999999999999133,
    "min_interval_s": 0.0009999999999976694,
    "monotonic": true,
    "negative_jump_count": 0,
    "p50_interval_s": 0.0010000000000012221,
    "p95_interval_s": 0.0010000000000012221,
    "sample_count": 20
  },
  "initial_collision": {
    "duplicate_count": 0,
    "effective_frequency_hz": 1000.0000000000867,
    "first_timestamp_s": 20.234,
    "last_timestamp_s": 20.253,
    "max_interval_s": 0.0010000000000012221,
    "mean_interval_s": 0.0009999999999999133,
    "min_interval_s": 0.0009999999999976694,
    "monotonic": true,
    "negative_jump_count": 0,
    "p50_interval_s": 0.0010000000000012221,
    "p95_interval_s": 0.0010000000000012221,
    "sample_count": 20
  },
  "narrow_passage": {
    "duplicate_count": 0,
    "effective_frequency_hz": 1000.0000000000867,
    "first_timestamp_s": 20.233,
    "last_timestamp_s": 20.252,
    "max_interval_s": 0.0010000000000012221,
    "mean_interval_s": 0.0009999999999999133,
    "min_interval_s": 0.0009999999999976694,
    "monotonic": true,
    "negative_jump_count": 0,
    "p50_interval_s": 0.0010000000000012221,
    "p95_interval_s": 0.0010000000000012221,
    "sample_count": 20
  },
  "outdated_rgb_contract": {
    "duplicate_count": 0,
    "effective_frequency_hz": 999.9999999998998,
    "first_timestamp_s": 20.232,
    "last_timestamp_s": 20.251,
    "max_interval_s": 0.0010000000000012221,
    "mean_interval_s": 0.0010000000000001002,
    "min_interval_s": 0.0009999999999976694,
    "monotonic": true,
    "negative_jump_count": 0,
    "p50_interval_s": 0.0010000000000012221,
    "p95_interval_s": 0.0010000000000012221,
    "sample_count": 20
  },
  "rgb_dropout_contract": {
    "status": "NOT_EXECUTED_OR_INCOMPLETE"
  },
  "robot_obstacle": {
    "duplicate_count": 0,
    "effective_frequency_hz": 999.9999999998998,
    "first_timestamp_s": 20.334,
    "last_timestamp_s": 20.353,
    "max_interval_s": 0.0010000000000012221,
    "mean_interval_s": 0.0010000000000001002,
    "min_interval_s": 0.0009999999999976694,
    "monotonic": true,
    "negative_jump_count": 0,
    "p50_interval_s": 0.0010000000000012221,
    "p95_interval_s": 0.0010000000000012221,
    "sample_count": 20
  },
  "semantic_infeasible": {
    "duplicate_count": 0,
    "effective_frequency_hz": 1000.0000000000867,
    "first_timestamp_s": 20.332,
    "last_timestamp_s": 20.351,
    "max_interval_s": 0.0010000000000012221,
    "mean_interval_s": 0.0009999999999999133,
    "min_interval_s": 0.0009999999999976694,
    "monotonic": true,
    "negative_jump_count": 0,
    "p50_interval_s": 0.0010000000000012221,
    "p95_interval_s": 0.0010000000000012221,
    "sample_count": 20
  },
  "single_static_obstacle": {
    "duplicate_count": 0,
    "effective_frequency_hz": 1000.0000000000867,
    "first_timestamp_s": 20.231,
    "last_timestamp_s": 20.25,
    "max_interval_s": 0.0010000000000012221,
    "mean_interval_s": 0.0009999999999999133,
    "min_interval_s": 0.0009999999999976694,
    "monotonic": true,
    "negative_jump_count": 0,
    "p50_interval_s": 0.0010000000000012221,
    "p95_interval_s": 0.0010000000000012221,
    "sample_count": 20
  },
  "static_corridor": {
    "duplicate_count": 0,
    "effective_frequency_hz": 999.9999999998998,
    "first_timestamp_s": 20.331,
    "last_timestamp_s": 20.35,
    "max_interval_s": 0.0010000000000012221,
    "mean_interval_s": 0.0010000000000001002,
    "min_interval_s": 0.0009999999999976694,
    "monotonic": true,
    "negative_jump_count": 0,
    "p50_interval_s": 0.0010000000000012221,
    "p95_interval_s": 0.0010000000000012221,
    "sample_count": 20
  },
  "vehicle_path": {
    "duplicate_count": 0,
    "effective_frequency_hz": 1000.0000000000867,
    "first_timestamp_s": 20.23,
    "last_timestamp_s": 20.249,
    "max_interval_s": 0.0010000000000012221,
    "mean_interval_s": 0.0009999999999999133,
    "min_interval_s": 0.0009999999999976694,
    "monotonic": true,
    "negative_jump_count": 0,
    "p50_interval_s": 0.0010000000000012221,
    "p95_interval_s": 0.0010000000000012221,
    "sample_count": 20
  }
}
