{
  "human_path_center": {
    "modes": {
      "P1": {
        "count": 19,
        "deadline_miss_count_all_samples": 0,
        "max": 60.55674799790722,
        "mean": 53.855507526398135,
        "p50": 53.49477300114813,
        "p95": 55.53642649938409
      },
      "P2": {
        "count": 19,
        "deadline_miss_count_all_samples": 0,
        "max": 55.93029900046531,
        "mean": 53.28776589541169,
        "p50": 53.01252400022349,
        "p95": 54.759268501220504
      }
    },
    "overall": {
      "backlog_count": 0,
      "count": 38,
      "max": 60.55674799790722,
      "mean": 53.57163671090491,
      "p50": 53.21422400083975,
      "p95": 55.12136589968577,
      "stale_count": 0
    }
  },
  "semantic_infeasible": {
    "modes": {
      "P1": {
        "count": 19,
        "deadline_miss_count_all_samples": 1,
        "max": 176.21102100019925,
        "mean": 166.53390484211022,
        "p50": 165.19248899930972,
        "p95": 174.76785839717195
      },
      "P2": {
        "count": 19,
        "deadline_miss_count_all_samples": 1,
        "max": 172.45888999968884,
        "mean": 165.53698789453176,
        "p50": 165.63960300118197,
        "p95": 170.95679989979544
      }
    },
    "overall": {
      "backlog_count": 0,
      "count": 38,
      "max": 176.21102100019925,
      "mean": 166.035446368321,
      "p50": 165.41604600024584,
      "p95": 173.64275444997475,
      "stale_count": 0
    }
  },
  "single_static_obstacle": {
    "modes": {
      "P0": {
        "count": 19,
        "deadline_miss_count_all_samples": 0,
        "max": 39.70750599910389,
        "mean": 31.01382689515288,
        "p50": 30.024333998881048,
        "p95": 37.34046819954528
      }
    },
    "overall": {
      "backlog_count": 0,
      "count": 19,
      "max": 39.70750599910389,
      "mean": 31.01382689515288,
      "p50": 30.024333998881048,
      "p95": 37.34046819954528,
      "stale_count": 0
    }
  }
}
