{"camera_info": {"frame_id": "sgcf_robot/camera_link/rgb_camera", "height": 240, "k": [179.99998092651367, 0.0, 160.0, 0.0, 179.99998569488525, 120.0, 0.0, 0.0, 1.0], "stamp": 4.3, "width": 320}, "goal": [4.0, 0.0, 0.0], "image": {"encoding": "rgb8", "frame_id": "sgcf_robot/camera_link/rgb_camera", "height": 240, "stamp": 4.3, "width": 320}, "laser": {"angle_increment": 0.03490658476948738, "angle_min": -3.1415927410125732, "frame_id": "sgcf_robot/lidar_link/lidar", "observable_points_robot": [[0.2939398833390461, -0.15629064902314901], [0.26355215635128443, -0.12854301075342528], [0.24754583906426256, -0.1102145406672003], [0.2391955333106782, -0.09664129882841475], [0.23492104549514936, -0.0855042969760727], [0.22820791735701426, -0.07414927476836422], [0.2262803861202543, -0.06488488344609272], [0.22230242600593023, -0.05542624584498356], [0.22034328502439873, -0.04683543641608778], [0.21833232732692484, -0.0384979049234285], [0.21692073065710663, -0.030486245033165407], [0.21639233017255088, -0.022743774653550597], [0.2158056373676057, -0.01509062433936754], [0.21516597869666051, -0.007513785562276766], [0.2144769728183733, -2.396966958251307e-08], [0.21516601016028483, 0.007513738509015314], [0.21580564074061767, 0.015090576103048328], [0.21639232043664403, 0.022743724728501325], [0.21692069320287494, 0.0304861903260856], [0.21833236528143043, 0.038497861297465144], [0.22034331006846447, 0.04683539026364846], [0.22230249622878978, 0.05542621057618], [0.2262804149470662, 0.06488483697579851], [0.22820799061805092, 0.07414924217875964], [0.23492110661437854, 0.08550425975661212], [0.23919558254391923, 0.09664125652818767], [0.24754594537645883, 0.1102145217014711], [0.263552265441334, 0.12854299103835007], [0.2939399709005019, 0.15629061130514102]], "observable_points_world": [[0.29393888268096324, -0.15629064902314901], [0.2635511556932016, -0.12854301075342528], [0.24754483840617975, -0.1102145406672003], [0.23919453265259538, -0.09664129882841475], [0.23492004483706655, -0.0855042969760727], [0.22820691669893145, -0.07414927476836422], [0.2262793854621715, -0.06488488344609272], [0.22230142534784741, -0.05542624584498357], [0.22034228436631592, -0.04683543641608778], [0.21833132666884203, -0.0384979049234285], [0.2169197299990238, -0.03048624503316541], [0.21639132951446807, -0.0227437746535506], [0.21580463670952288, -0.015090624339367543], [0.2151649780385777, -0.00751378556227677], [0.2144759721602905, -2.3969669585889208e-08], [0.21516500950220202, 0.007513738509015311], [0.21580464008253486, 0.015090576103048325], [0.21639131977856121, 0.02274372472850132], [0.21691969254479213, 0.030486190326085596], [0.21833136462334762, 0.038497861297465144], [0.22034230941038166, 0.04683539026364846], [0.22230149557070697, 0.055426210576179996], [0.22627941428898338, 0.06488483697579851], [0.2282069899599681, 0.07414924217875964], [0.23492010595629573, 0.08550425975661212], [0.23919458188583642, 0.09664125652818767], [0.24754494471837601, 0.1102145217014711], [0.26355126478325114, 0.12854299103835007], [0.29393897024241905, 0.15629061130514102]], "ordered_points": [[-Infinity, Infinity], [-Infinity, -Infinity], [-Infinity, -Infinity], [-Infinity, -Infinity], [-Infinity, -Infinity], [-Infinity, -Infinity], [-Infinity, -Infinity], [-Infinity, -Infinity], [-Infinity, -Infinity], [-Infinity, -Infinity], [-Infinity, -Infinity], [-Infinity, -Infinity], [-Infinity, -Infinity], [-Infinity, -Infinity], [-Infinity, -Infinity], [-Infinity, -Infinity], [-Infinity, -Infinity], [-Infinity, -Infinity], [-Infinity, -Infinity], [-Infinity, -Infinity], [-Infinity, -Infinity], [-Infinity, -Infinity], [-Infinity, -Infinity], [-Infinity, -Infinity], [-Infinity, -Infinity], [-Infinity, -Infinity], [-Infinity, -Infinity], [-Infinity, -Infinity], [-Infinity, -Infinity], [-Infinity, -Infinity], [-Infinity, -Infinity], [-Infinity, -Infinity], [-Infinity, -Infinity], [-Infinity, -Infinity], [-Infinity, -Infinity], [-Infinity, -Infinity], [-Infinity, -Infinity], [-Infinity, -Infinity], [-Infinity, -Infinity], [-Infinity, -Infinity], [-Infinity, -Infinity], [-Infinity, -Infinity], [-Infinity, -Infinity], [-Infinity, -Infinity], [-Infinity, -Infinity], [-Infinity, -Infinity], [Infinity, -Infinity], [Infinity, -Infinity], [Infinity, -Infinity], [Infinity, -Infinity], [Infinity, -Infinity], [Infinity, -Infinity], [Infinity, -Infinity], [Infinity, -Infinity], [Infinity, -Infinity], [Infinity, -Infinity], [Infinity, -Infinity], [Infinity, -Infinity], [Infinity, -Infinity], [Infinity, -Infinity], [Infinity, -Infinity], [Infinity, -Infinity], [Infinity, -Infinity], [Infinity, -Infinity], [Infinity, -Infinity], [Infinity, -Infinity], [Infinity, -Infinity], [Infinity, -Infinity], [Infinity, -Infinity], [Infinity, -Infinity], [Infinity, -Infinity], [Infinity, -Infinity], [Infinity, -Infinity], [Infinity, -Infinity], [Infinity, -Infinity], [Infinity, -Infinity], [0.2939398833390461, -0.15629064902314901], [0.26355215635128443, -0.12854301075342528], [0.24754583906426256, -0.1102145406672003], [0.2391955333106782, -0.09664129882841475], [0.23492104549514936, -0.0855042969760727], [0.22820791735701426, -0.07414927476836422], [0.2262803861202543, -0.06488488344609272], [0.22230242600593023, -0.05542624584498356], [0.22034328502439873, -0.04683543641608778], [0.21833232732692484, -0.0384979049234285], [0.21692073065710663, -0.030486245033165407], [0.21639233017255088, -0.022743774653550597], [0.2158056373676057, -0.01509062433936754], [0.21516597869666051, -0.007513785562276766], [0.2144769728183733, -2.396966958251307e-08], [0.21516601016028483, 0.007513738509015314], [0.21580564074061767, 0.015090576103048328], [0.21639232043664403, 0.022743724728501325], [0.21692069320287494, 0.0304861903260856], [0.21833236528143043, 0.038497861297465144], [0.22034331006846447, 0.04683539026364846], [0.22230249622878978, 0.05542621057618], [0.2262804149470662, 0.06488483697579851], [0.22820799061805092, 0.07414924217875964], [0.23492110661437854, 0.08550425975661212], [0.23919558254391923, 0.09664125652818767], [0.24754594537645883, 0.1102145217014711], [0.263552265441334, 0.12854299103835007], [0.2939399709005019, 0.15629061130514102], [Infinity, Infinity], [Infinity, Infinity], [Infinity, Infinity], [Infinity, Infinity], [Infinity, Infinity], [Infinity, Infinity], [Infinity, Infinity], [Infinity, Infinity], [Infinity, Infinity], [Infinity, Infinity], [Infinity, Infinity], [Infinity, Infinity], [Infinity, Infinity], [Infinity, Infinity], [Infinity, Infinity], [Infinity, Infinity], [Infinity, Infinity], [Infinity, Infinity], [Infinity, Infinity], [Infinity, Infinity], [Infinity, Infinity], [Infinity, Infinity], [Infinity, Infinity], [Infinity, Infinity], [Infinity, Infinity], [Infinity, Infinity], [Infinity, Infinity], [Infinity, Infinity], [Infinity, Infinity], [Infinity, Infinity], [Infinity, Infinity], [-Infinity, Infinity], [-Infinity, Infinity], [-Infinity, Infinity], [-Infinity, Infinity], [-Infinity, Infinity], [-Infinity, Infinity], [-Infinity, Infinity], [-Infinity, Infinity], [-Infinity, Infinity], [-Infinity, Infinity], [-Infinity, Infinity], [-Infinity, Infinity], [-Infinity, Infinity], [-Infinity, Infinity], [-Infinity, Infinity], [-Infinity, Infinity], [-Infinity, Infinity], [-Infinity, Infinity], [-Infinity, Infinity], [-Infinity, Infinity], [-Infinity, Infinity], [-Infinity, Infinity], [-Infinity, Infinity], [-Infinity, Infinity], [-Infinity, Infinity], [-Infinity, Infinity], [-Infinity, Infinity], [-Infinity, Infinity], [-Infinity, Infinity], [-Infinity, Infinity], [-Infinity, Infinity], [-Infinity, Infinity], [-Infinity, Infinity], [-Infinity, Infinity], [-Infinity, Infinity], [-Infinity, Infinity], [-Infinity, Infinity], [-Infinity, Infinity], [-Infinity, Infinity], [-Infinity, Infinity], [-Infinity, Infinity], [-Infinity, Infinity], [-Infinity, Infinity], [-Infinity, Infinity], [-Infinity, Infinity]], "range_max": 8.0, "range_min": 0.05000000074505806,