{"camera_info": {"frame_id": "sgcf_robot/camera_link/rgb_camera", "height": 240, "k": [179.99998092651367, 0.0, 160.0, 0.0, 179.99998569488525, 120.0, 0.0, 0.0, 1.0], "stamp": 4.2, "width": 320}, "goal": [4.0, 0.0, 0.0], "image": {"encoding": "rgb8", "frame_id": "sgcf_robot/camera_link/rgb_camera", "height": 240, "stamp": 4.2, "width": 320}, "laser": {"angle_increment": 0.03490658476948738, "angle_min": -3.1415927410125732, "frame_id": "sgcf_robot/lidar_link/lidar", "observable_points_robot": [[0.2936476413066575, -0.15613526113772494], [0.2633840732693603, -0.12846103113426238], [0.24741466528065412, -0.11015613831892156], [0.23906875663516225, -0.09659007771063956], [0.23479653517036772, -0.08545897890861613], [0.22809732027121762, -0.07411333958347542], [0.2261706935789507, -0.06485342960301148], [0.22219469547932733, -0.05539938559536873], [0.22023649008144158, -0.046812736437915656], [0.21822652217187127, -0.038479248607849716], [0.21681953302232335, -0.03047202262168157], [0.21629137952805408, -0.022733164301937232], [0.21570495765322603, -0.015083584116661447], [0.21506562094426196, -0.007510280981136186], [0.21437691152095661, -2.3958486861097534e-08], [0.2150656226229352, 0.007510232910223724], [0.2157049610246644, 0.015083535902845904], [0.21629138460930686, 0.022733115957046], [0.21681952507720137, 0.03047197208489949], [0.21822653077264814, 0.03847919983042001], [0.22023650054489807, 0.0468126872112229], [0.2221947512376497, 0.0553993467457293], [0.226170751046564, 0.06485339137186553], [0.2280973651805282, 0.07411329780917035], [0.23479659627946753, 0.08545894171698579], [0.2390688058569545, 0.09659003543874926], [0.24741471712824117, 0.11015609513912512], [0.2633842091272374, 0.12846102452123181], [0.29364775514727187, 0.15613523747637795]], "observable_points_world": [[0.29364664066412755, -0.15613526113772494], [0.26338307262683036, -0.12846103113426238], [0.24741366463812417, -0.11015613831892156], [0.2390677559926323, -0.09659007771063956], [0.23479553452783777, -0.08545897890861613], [0.22809631962868768, -0.07411333958347542], [0.22616969293642075, -0.06485342960301148], [0.22219369483679738, -0.055399385595368736], [0.22023548943891164, -0.046812736437915656], [0.21822552152934133, -0.038479248607849716], [0.2168185323797934, -0.030472022621681572], [0.21629037888552413, -0.022733164301937236], [0.21570395701069608, -0.01508358411666145], [0.215064620301732, -0.007510280981136189], [0.21437591087842667, -2.3958486864449762e-08], [0.21506462198040524, 0.0075102329102237205], [0.21570396038213446, 0.0150835359028459], [0.2162903839667769, 0.022733115957045996], [0.21681852443467142, 0.030471972084899487], [0.2182255301301182, 0.03847919983042001], [0.22023549990236813, 0.0468126872112229], [0.22219375059511975, 0.05539934674572929], [0.22616975040403406, 0.06485339137186553], [0.22809636453799825, 0.07411329780917035], [0.23479559563693758, 0.08545894171698579], [0.23906780521442456, 0.09659003543874926], [0.24741371648571123, 0.11015609513912512], [0.2633832084847075, 0.12846102452123181], [0.2936467545047419, 0.15613523747637795]], "ordered_points": [[-Infinity, Infinity], [-Infinity, -Infinity], [-Infinity, -Infinity], [-Infinity, -Infinity], [-Infinity, -Infinity], [-Infinity, -Infinity], [-Infinity, -Infinity], [-Infinity, -Infinity], [-Infinity, -Infinity], [-Infinity, -Infinity], [-Infinity, -Infinity], [-Infinity, -Infinity], [-Infinity, -Infinity], [-Infinity, -Infinity], [-Infinity, -Infinity], [-Infinity, -Infinity], [-Infinity, -Infinity], [-Infinity, -Infinity], [-Infinity, -Infinity], [-Infinity, -Infinity], [-Infinity, -Infinity], [-Infinity, -Infinity], [-Infinity, -Infinity], [-Infinity, -Infinity], [-Infinity, -Infinity], [-Infinity, -Infinity], [-Infinity, -Infinity], [-Infinity, -Infinity], [-Infinity, -Infinity], [-Infinity, -Infinity], [-Infinity, -Infinity], [-Infinity, -Infinity], [-Infinity, -Infinity], [-Infinity, -Infinity], [-Infinity, -Infinity], [-Infinity, -Infinity], [-Infinity, -Infinity], [-Infinity, -Infinity], [-Infinity, -Infinity], [-Infinity, -Infinity], [-Infinity, -Infinity], [-Infinity, -Infinity], [-Infinity, -Infinity], [-Infinity, -Infinity], [-Infinity, -Infinity], [-Infinity, -Infinity], [Infinity, -Infinity], [Infinity, -Infinity], [Infinity, -Infinity], [Infinity, -Infinity], [Infinity, -Infinity], [Infinity, -Infinity], [Infinity, -Infinity], [Infinity, -Infinity], [Infinity, -Infinity], [Infinity, -Infinity], [Infinity, -Infinity], [Infinity, -Infinity], [Infinity, -Infinity], [Infinity, -Infinity], [Infinity, -Infinity], [Infinity, -Infinity], [Infinity, -Infinity], [Infinity, -Infinity], [Infinity, -Infinity], [Infinity, -Infinity], [Infinity, -Infinity], [Infinity, -Infinity], [Infinity, -Infinity], [Infinity, -Infinity], [Infinity, -Infinity], [Infinity, -Infinity], [Infinity, -Infinity], [Infinity, -Infinity], [Infinity, -Infinity], [Infinity, -Infinity], [0.2936476413066575, -0.15613526113772494], [0.2633840732693603, -0.12846103113426238], [0.24741466528065412, -0.11015613831892156], [0.23906875663516225, -0.09659007771063956], [0.23479653517036772, -0.08545897890861613], [0.22809732027121762, -0.07411333958347542], [0.2261706935789507, -0.06485342960301148], [0.22219469547932733, -0.05539938559536873], [0.22023649008144158, -0.046812736437915656], [0.21822652217187127, -0.038479248607849716], [0.21681953302232335, -0.03047202262168157], [0.21629137952805408, -0.022733164301937232], [0.21570495765322603, -0.015083584116661447], [0.21506562094426196, -0.007510280981136186], [0.21437691152095661, -2.3958486861097534e-08], [0.2150656226229352, 0.007510232910223724], [0.2157049610246644, 0.015083535902845904], [0.21629138460930686, 0.022733115957046], [0.21681952507720137, 0.03047197208489949], [0.21822653077264814, 0.03847919983042001], [0.22023650054489807, 0.0468126872112229], [0.2221947512376497, 0.0553993467457293], [0.226170751046564, 0.06485339137186553], [0.2280973651805282, 0.07411329780917035], [0.23479659627946753, 0.08545894171698579], [0.2390688058569545, 0.09659003543874926], [0.24741471712824117, 0.11015609513912512], [0.2633842091272374, 0.12846102452123181], [0.29364775514727187, 0.15613523747637795], [Infinity, Infinity], [Infinity, Infinity], [Infinity, Infinity], [Infinity, Infinity], [Infinity, Infinity], [Infinity, Infinity], [Infinity, Infinity], [Infinity, Infinity], [Infinity, Infinity], [Infinity, Infinity], [Infinity, Infinity], [Infinity, Infinity], [Infinity, Infinity], [Infinity, Infinity], [Infinity, Infinity], [Infinity, Infinity], [Infinity, Infinity], [Infinity, Infinity], [Infinity, Infinity], [Infinity, Infinity], [Infinity, Infinity], [Infinity, Infinity], [Infinity, Infinity], [Infinity, Infinity], [Infinity, Infinity], [Infinity, Infinity], [Infinity, Infinity], [Infinity, Infinity], [Infinity, Infinity], [Infinity, Infinity], [Infinity, Infinity], [-Infinity, Infinity], [-Infinity, Infinity], [-Infinity, Infinity], [-Infinity, Infinity], [-Infinity, Infinity], [-Infinity, Infinity], [-Infinity, Infinity], [-Infinity, Infinity], [-Infinity, Infinity], [-Infinity, Infinity], [-Infinity, Infinity], [-Infinity, Infinity], [-Infinity, Infinity], [-Infinity, Infinity], [-Infinity, Infinity], [-Infinity, Infinity], [-Infinity, Infinity], [-Infinity, Infinity], [-Infinity, Infinity], [-Infinity, Infinity], [-Infinity, Infinity], [-Infinity, Infinity], [-Infinity, Infinity], [-Infinity, Infinity], [-Infinity, Infinity], [-Infinity, Infinity], [-Infinity, Infinity], [-Infinity, Infinity], [-Infinity, Infinity], [-Infinity, Infinity], [-Infinity, Infinity], [-Infinity, Infinity], [-Infinity, Infinity], [-Infinity, Infinity], [-Infinity, Infinity], [-Infinity, Infinity], [-Infinity, Infinity], [-Infinity, Infinity], [-Infinity, Infinity], [-Infinity, Infinity], [-Infinity, Infinity], [-Infinity, Infinity], [-Infinity, Infinity], [-Infinity, Infinity], [-Infinity, Infinity]], "range_max": 8.0, "range_min": 0.05000000074505806,