{"camera_info": {"frame_id": "sgcf_robot/camera_link/rgb_camera", "height": 240, "k": [179.99998092651367, 0.0, 160.0, 0.0, 179.99998569488525, 120.0, 0.0, 0.0, 1.0], "stamp": 4.4, "width": 320}, "goal": [4.0, 0.0, 0.0], "image": {"encoding": "rgb8", "frame_id": "sgcf_robot/camera_link/rgb_camera", "height": 240, "stamp": 4.4, "width": 320}, "laser": {"angle_increment": 0.03490658476948738, "angle_min": -3.1415927410125732, "frame_id": "sgcf_robot/lidar_link/lidar", "observable_points_robot": [[0.2942320990575474, -0.1564460229172274], [0.26372013228861446, -0.1286249381146636], [0.24767709452519576, -0.11027297938057759], [0.23932233761842506, -0.09669253111033943], [0.23504563983499493, -0.08554964562252215], [0.22831852861465685, -0.07418521455796663], [0.22639005001372783, -0.0649163290745375], [0.22241019990813102, -0.055453116909354644], [0.22045009454289058, -0.04685813949238714], [0.21843816183153597, -0.03851656641412949], [0.21702194304803382, -0.03050046951849169], [0.2164933400951713, -0.022754391235552462], [0.21590636167657315, -0.015097667680435972], [0.21526641090947785, -0.007517292743640778], [0.21457706391811238, -2.398085563459768e-08], [0.21526641258971832, 0.007517244627848262], [0.21590636505115945, 0.015097619421603122], [0.21649331554210619, 0.022754339730331898], [0.2170219498654146, 0.03050042101030659], [0.21843818511543336, 0.03851652017695245], [0.2204501341675663, 0.04685809641419799], [0.22241024121992983, 0.055453074406630706], [0.2263901504671481, 0.06491630311630668], [0.22831860188372666, 0.0741851819436385], [0.23504568696184855, 0.08554960327871688], [0.23932241449535083, 0.09669249994591265], [0.2476772008504541, 0.1102729603855105], [0.26372032175543053, 0.12862495755546832], [0.2942322919092937, 0.15644604109926338]], "observable_points_world": [[0.2942310983839117, -0.1564460229172274], [0.2637191316149788, -0.1286249381146636], [0.2476760938515601, -0.11027297938057759], [0.23932133694478938, -0.09669253111033943], [0.23504463916135926, -0.08554964562252215], [0.22831752794102117, -0.07418521455796663], [0.22638904934009216, -0.0649163290745375], [0.22240919923449534, -0.05545311690935465], [0.2204490938692549, -0.046858139492387145], [0.2184371611579003, -0.0385165664141295], [0.21702094237439815, -0.030500469518491693], [0.21649233942153562, -0.022754391235552465], [0.21590536100293747, -0.015097667680435977], [0.21526541023584217, -0.007517292743640784], [0.2145760632444767, -2.3980855639471955e-08], [0.21526541191608264, 0.007517244627848257], [0.21590536437752378, 0.015097619421603117], [0.2164923148684705, 0.022754339730331894], [0.21702094919177892, 0.030500421010306585], [0.2184371844417977, 0.038516520176952444], [0.2204491334939306, 0.04685809641419798], [0.22240924054629416, 0.0554530744066307], [0.22638914979351243, 0.06491630311630668], [0.22831760121009098, 0.0741851819436385], [0.23504468628821287, 0.08554960327871688], [0.23932141382171515, 0.09669249994591265], [0.24767620017681843, 0.1102729603855105], [0.26371932108179486, 0.12862495755546832], [0.294231291235658, 0.15644604109926338]], "ordered_points": [[-Infinity, Infinity], [-Infinity, -Infinity], [-Infinity, -Infinity], [-Infinity, -Infinity], [-Infinity, -Infinity], [-Infinity, -Infinity], [-Infinity, -Infinity], [-Infinity, -Infinity], [-Infinity, -Infinity], [-Infinity, -Infinity], [-Infinity, -Infinity], [-Infinity, -Infinity], [-Infinity, -Infinity], [-Infinity, -Infinity], [-Infinity, -Infinity], [-Infinity, -Infinity], [-Infinity, -Infinity], [-Infinity, -Infinity], [-Infinity, -Infinity], [-Infinity, -Infinity], [-Infinity, -Infinity], [-Infinity, -Infinity], [-Infinity, -Infinity], [-Infinity, -Infinity], [-Infinity, -Infinity], [-Infinity, -Infinity], [-Infinity, -Infinity], [-Infinity, -Infinity], [-Infinity, -Infinity], [-Infinity, -Infinity], [-Infinity, -Infinity], [-Infinity, -Infinity], [-Infinity, -Infinity], [-Infinity, -Infinity], [-Infinity, -Infinity], [-Infinity, -Infinity], [-Infinity, -Infinity], [-Infinity, -Infinity], [-Infinity, -Infinity], [-Infinity, -Infinity], [-Infinity, -Infinity], [-Infinity, -Infinity], [-Infinity, -Infinity], [-Infinity, -Infinity], [-Infinity, -Infinity], [-Infinity, -Infinity], [Infinity, -Infinity], [Infinity, -Infinity], [Infinity, -Infinity], [Infinity, -Infinity], [Infinity, -Infinity], [Infinity, -Infinity], [Infinity, -Infinity], [Infinity, -Infinity], [Infinity, -Infinity], [Infinity, -Infinity], [Infinity, -Infinity], [Infinity, -Infinity], [Infinity, -Infinity], [Infinity, -Infinity], [Infinity, -Infinity], [Infinity, -Infinity], [Infinity, -Infinity], [Infinity, -Infinity], [Infinity, -Infinity], [Infinity, -Infinity], [Infinity, -Infinity], [Infinity, -Infinity], [Infinity, -Infinity], [Infinity, -Infinity], [Infinity, -Infinity], [Infinity, -Infinity], [Infinity, -Infinity], [Infinity, -Infinity], [Infinity, -Infinity], [Infinity, -Infinity], [0.2942320990575474, -0.1564460229172274], [0.26372013228861446, -0.1286249381146636], [0.24767709452519576, -0.11027297938057759], [0.23932233761842506, -0.09669253111033943], [0.23504563983499493, -0.08554964562252215], [0.22831852861465685, -0.07418521455796663], [0.22639005001372783, -0.0649163290745375], [0.22241019990813102, -0.055453116909354644], [0.22045009454289058, -0.04685813949238714], [0.21843816183153597, -0.03851656641412949], [0.21702194304803382, -0.03050046951849169], [0.2164933400951713, -0.022754391235552462], [0.21590636167657315, -0.015097667680435972], [0.21526641090947785, -0.007517292743640778], [0.21457706391811238, -2.398085563459768e-08], [0.21526641258971832, 0.007517244627848262], [0.21590636505115945, 0.015097619421603122], [0.21649331554210619, 0.022754339730331898], [0.2170219498654146, 0.03050042101030659], [0.21843818511543336, 0.03851652017695245], [0.2204501341675663, 0.04685809641419799], [0.22241024121992983, 0.055453074406630706], [0.2263901504671481, 0.06491630311630668], [0.22831860188372666, 0.0741851819436385], [0.23504568696184855, 0.08554960327871688], [0.23932241449535083, 0.09669249994591265], [0.2476772008504541, 0.1102729603855105], [0.26372032175543053, 0.12862495755546832], [0.2942322919092937, 0.15644604109926338], [Infinity, Infinity], [Infinity, Infinity], [Infinity, Infinity], [Infinity, Infinity], [Infinity, Infinity], [Infinity, Infinity], [Infinity, Infinity], [Infinity, Infinity], [Infinity, Infinity], [Infinity, Infinity], [Infinity, Infinity], [Infinity, Infinity], [Infinity, Infinity], [Infinity, Infinity], [Infinity, Infinity], [Infinity, Infinity], [Infinity, Infinity], [Infinity, Infinity], [Infinity, Infinity], [Infinity, Infinity], [Infinity, Infinity], [Infinity, Infinity], [Infinity, Infinity], [Infinity, Infinity], [Infinity, Infinity], [Infinity, Infinity], [Infinity, Infinity], [Infinity, Infinity], [Infinity, Infinity], [Infinity, Infinity], [Infinity, Infinity], [-Infinity, Infinity], [-Infinity, Infinity], [-Infinity, Infinity], [-Infinity, Infinity], [-Infinity, Infinity], [-Infinity, Infinity], [-Infinity, Infinity], [-Infinity, Infinity], [-Infinity, Infinity], [-Infinity, Infinity], [-Infinity, Infinity], [-Infinity, Infinity], [-Infinity, Infinity], [-Infinity, Infinity], [-Infinity, Infinity], [-Infinity, Infinity], [-Infinity, Infinity], [-Infinity, Infinity], [-Infinity, Infinity], [-Infinity, Infinity], [-Infinity, Infinity], [-Infinity, Infinity], [-Infinity, Infinity], [-Infinity, Infinity], [-Infinity, Infinity], [-Infinity, Infinity], [-Infinity, Infinity], [-Infinity, Infinity], [-Infinity, Infinity], [-Infinity, Infinity], [-Infinity, Infinity], [-Infinity, Infinity], [-Infinity, Infinity], [-Infinity, Infinity], [-Infinity, Infinity], [-Infinity, Infinity], [-Infinity, Infinity], [-Infinity, Infinity], [-Infinity, Infinity], [-Infinity, Infinity], [-Infinity, Infinity], [-Infinity, Infinity], [-Infinity, Infinity], [-Infinity, Infinity], [-Infinity, Infinity]], "range_max": 8.0, "range_min": 0.05000000074505806,