{"camera_info": {"frame_id": "sgcf_robot/camera_link/rgb_camera", "height": 240, "k": [179.99998092651367, 0.0, 160.0, 0.0, 179.99998569488525, 120.0, 0.0, 0.0, 1.0], "stamp": 4.1, "width": 320}, "goal": [4.0, 0.0, 0.0], "image": {"encoding": "rgb8", "frame_id": "sgcf_robot/camera_link/rgb_camera", "height": 240, "stamp": 4.1, "width": 320}, "laser": {"angle_increment": 0.03490658476948738, "angle_min": -3.1415927410125732, "frame_id": "sgcf_robot/lidar_link/lidar", "observable_points_robot": [[0.2933551098215086, -0.15597971934749807], [0.2632159901874362, -0.12837905151509946], [0.24728343704549582, -0.1100977117272438], [0.23894195232741539, -0.09653884542871488], [0.23467196883554345, -0.08541364045516431], [0.2279866948417291, -0.07407739518915941], [0.22606104400939217, -0.06482198808188495], [0.22208693603565918, -0.05537251813591639], [0.22012966598741499, -0.04679003026348908], [0.21812067299248136, -0.038460584529587616], [0.21671827636296448, -0.03045779191482795], [0.21619038442496458, -0.022722549277532495], [0.21560423334425857, -0.015076540775593015], [0.2149652036235284, -0.00750677431981686], [0.21427682042121754, -2.3947300809012923e-08], [0.21496517551725008, 0.007506725231266703], [0.21560423671412263, 0.01507649258429111], [0.21619038950384473, 0.022722500955215424], [0.21671828317080608, 0.030457743474517646], [0.21812069626386582, 0.03846053836337487], [0.22012973474793796, 0.04678999345316923], [0.22208700624650965, 0.055372482915278604], [0.2260610584982299, 0.06482193755330248], [0.22798675391485246, 0.0740773580442915], [0.23467202993450934, 0.0854136032913767], [0.23894194627328946, 0.09653878085688097], [0.2472834616542459, 0.11009765645508572], [0.2632161260269894, 0.1283790449396384], [0.2933553288829184, 0.15597975171689626]], "observable_points_world": [[0.2933541091945315, -0.15597971934749807], [0.2632149895604591, -0.12837905151509946], [0.24728243641851871, -0.1100977117272438], [0.23894095170043828, -0.09653884542871488], [0.23467096820856634, -0.08541364045516431], [0.22798569421475198, -0.07407739518915941], [0.22606004338241506, -0.06482198808188495], [0.22208593540868207, -0.05537251813591639], [0.22012866536043788, -0.04679003026348908], [0.21811967236550425, -0.038460584529587616], [0.21671727573598737, -0.030457791914827954], [0.21618938379798747, -0.0227225492775325], [0.21560323271728146, -0.015076540775593018], [0.21496420299655128, -0.007506774319816864], [0.21427581979424043, -2.3947300812185534e-08], [0.21496417489027297, 0.0075067252312667], [0.21560323608714552, 0.015076492584291107], [0.21618938887686762, 0.02272250095521542], [0.21671728254382897, 0.030457743474517643], [0.2181196956368887, 0.03846053836337487], [0.22012873412096085, 0.04678999345316923], [0.22208600561953254, 0.055372482915278604], [0.2260600578712528, 0.06482193755330248], [0.22798575328787535, 0.0740773580442915], [0.23467102930753223, 0.0854136032913767], [0.23894094564631235, 0.09653878085688097], [0.24728246102726878, 0.11009765645508572], [0.2632151254000123, 0.1283790449396384], [0.29335432825594127, 0.15597975171689626]], "ordered_points": [[-Infinity, Infinity], [-Infinity, -Infinity], [-Infinity, -Infinity], [-Infinity, -Infinity], [-Infinity, -Infinity], [-Infinity, -Infinity], [-Infinity, -Infinity], [-Infinity, -Infinity], [-Infinity, -Infinity], [-Infinity, -Infinity], [-Infinity, -Infinity], [-Infinity, -Infinity], [-Infinity, -Infinity], [-Infinity, -Infinity], [-Infinity, -Infinity], [-Infinity, -Infinity], [-Infinity, -Infinity], [-Infinity, -Infinity], [-Infinity, -Infinity], [-Infinity, -Infinity], [-Infinity, -Infinity], [-Infinity, -Infinity], [-Infinity, -Infinity], [-Infinity, -Infinity], [-Infinity, -Infinity], [-Infinity, -Infinity], [-Infinity, -Infinity], [-Infinity, -Infinity], [-Infinity, -Infinity], [-Infinity, -Infinity], [-Infinity, -Infinity], [-Infinity, -Infinity], [-Infinity, -Infinity], [-Infinity, -Infinity], [-Infinity, -Infinity], [-Infinity, -Infinity], [-Infinity, -Infinity], [-Infinity, -Infinity], [-Infinity, -Infinity], [-Infinity, -Infinity], [-Infinity, -Infinity], [-Infinity, -Infinity], [-Infinity, -Infinity], [-Infinity, -Infinity], [-Infinity, -Infinity], [-Infinity, -Infinity], [Infinity, -Infinity], [Infinity, -Infinity], [Infinity, -Infinity], [Infinity, -Infinity], [Infinity, -Infinity], [Infinity, -Infinity], [Infinity, -Infinity], [Infinity, -Infinity], [Infinity, -Infinity], [Infinity, -Infinity], [Infinity, -Infinity], [Infinity, -Infinity], [Infinity, -Infinity], [Infinity, -Infinity], [Infinity, -Infinity], [Infinity, -Infinity], [Infinity, -Infinity], [Infinity, -Infinity], [Infinity, -Infinity], [Infinity, -Infinity], [Infinity, -Infinity], [Infinity, -Infinity], [Infinity, -Infinity], [Infinity, -Infinity], [Infinity, -Infinity], [Infinity, -Infinity], [Infinity, -Infinity], [Infinity, -Infinity], [Infinity, -Infinity], [Infinity, -Infinity], [0.2933551098215086, -0.15597971934749807], [0.2632159901874362, -0.12837905151509946], [0.24728343704549582, -0.1100977117272438], [0.23894195232741539, -0.09653884542871488], [0.23467196883554345, -0.08541364045516431], [0.2279866948417291, -0.07407739518915941], [0.22606104400939217, -0.06482198808188495], [0.22208693603565918, -0.05537251813591639], [0.22012966598741499, -0.04679003026348908], [0.21812067299248136, -0.038460584529587616], [0.21671827636296448, -0.03045779191482795], [0.21619038442496458, -0.022722549277532495], [0.21560423334425857, -0.015076540775593015], [0.2149652036235284, -0.00750677431981686], [0.21427682042121754, -2.3947300809012923e-08], [0.21496517551725008, 0.007506725231266703], [0.21560423671412263, 0.01507649258429111], [0.21619038950384473, 0.022722500955215424], [0.21671828317080608, 0.030457743474517646], [0.21812069626386582, 0.03846053836337487], [0.22012973474793796, 0.04678999345316923], [0.22208700624650965, 0.055372482915278604], [0.2260610584982299, 0.06482193755330248], [0.22798675391485246, 0.0740773580442915], [0.23467202993450934, 0.0854136032913767], [0.23894194627328946, 0.09653878085688097], [0.2472834616542459, 0.11009765645508572], [0.2632161260269894, 0.1283790449396384], [0.2933553288829184, 0.15597975171689626], [Infinity, Infinity], [Infinity, Infinity], [Infinity, Infinity], [Infinity, Infinity], [Infinity, Infinity], [Infinity, Infinity], [Infinity, Infinity], [Infinity, Infinity], [Infinity, Infinity], [Infinity, Infinity], [Infinity, Infinity], [Infinity, Infinity], [Infinity, Infinity], [Infinity, Infinity], [Infinity, Infinity], [Infinity, Infinity], [Infinity, Infinity], [Infinity, Infinity], [Infinity, Infinity], [Infinity, Infinity], [Infinity, Infinity], [Infinity, Infinity], [Infinity, Infinity], [Infinity, Infinity], [Infinity, Infinity], [Infinity, Infinity], [Infinity, Infinity], [Infinity, Infinity], [Infinity, Infinity], [Infinity, Infinity], [Infinity, Infinity], [-Infinity, Infinity], [-Infinity, Infinity], [-Infinity, Infinity], [-Infinity, Infinity], [-Infinity, Infinity], [-Infinity, Infinity], [-Infinity, Infinity], [-Infinity, Infinity], [-Infinity, Infinity], [-Infinity, Infinity], [-Infinity, Infinity], [-Infinity, Infinity], [-Infinity, Infinity], [-Infinity, Infinity], [-Infinity, Infinity], [-Infinity, Infinity], [-Infinity, Infinity], [-Infinity, Infinity], [-Infinity, Infinity], [-Infinity, Infinity], [-Infinity, Infinity], [-Infinity, Infinity], [-Infinity, Infinity], [-Infinity, Infinity], [-Infinity, Infinity], [-Infinity, Infinity], [-Infinity, Infinity], [-Infinity, Infinity], [-Infinity, Infinity], [-Infinity, Infinity], [-Infinity, Infinity], [-Infinity, Infinity], [-Infinity, Infinity], [-Infinity, Infinity], [-Infinity, Infinity], [-Infinity, Infinity], [-Infinity, Infinity], [-Infinity, Infinity], [-Infinity, Infinity], [-Infinity, Infinity], [-Infinity, Infinity], [-Infinity, Infinity], [-Infinity, Infinity], [-Infinity, Infinity], [-Infinity, Infinity]], "range_max": 8.0, "range_min": 0.05000000074505806,