{
  "initial_state_sha256": "f52c92334e3602ead517dfdf6fe4709a5f2b04a3dad86a82f516aa08affa57d6",
  "steps": 1200,
  "initial_loss": 1.551784873008728,
  "final_loss": 0.5564962029457092,
  "relative_loss": 0.35861684994178905,
  "gradient_norm_last_step": 8.730022196155325,
  "pixel_accuracy": 0.79640625,
  "macro_f1": 0.33683688975620374,
  "per_class_recall": {
    "UNKNOWN": 0.995993413830955,
    "STATIC_OBSTACLE": 0.620923135609384,
    "HUMAN": 0.0,
    "VEHICLE": 0.0,
    "ROBOT": 0.04468802698145025
  },
  "prediction_fraction": {
    "UNKNOWN": 0.8975,
    "STATIC_OBSTACLE": 0.09973958333333334,
    "HUMAN": 0.0,
    "VEHICLE": 0.0,
    "ROBOT": 0.0027604166666666667
  },
  "confusion_matrix": [
    [
      54441,
      219,
      0,
      0,
      0
    ],
    [
      3975,
      6511,
      0,
      0,
      0
    ],
    [
      2630,
      0,
      0,
      0,
      0
    ],
    [
      3581,
      699,
      0,
      0,
      0
    ],
    [
      4301,
      231,
      0,
      0,
      212
    ]
  ],
  "interior_pixel_accuracy": 0.8432982715138094,
  "interior_per_class_recall": {
    "UNKNOWN": 0.9982710713183082,
    "STATIC_OBSTACLE": 0.7074382074382074,
    "HUMAN": 0.0,
    "VEHICLE": 0.0,
    "ROBOT": 0.06362545018007203
  },
  "pass": false,
  "records": [
    {
      "step": 0,
      "loss": 1.551784873008728,
      "gradient_norm_last_step": 0.0,
      "pixel_accuracy": 0.71171875,
      "macro_f1": 0.16631675034230944,
      "per_class_recall": {
        "UNKNOWN": 1.0,
        "STATIC_OBSTACLE": 0.0,
        "HUMAN": 0.0,
        "VEHICLE": 0.0,
        "ROBOT": 0.0
      },
      "prediction_fraction": {
        "UNKNOWN": 1.0,
        "STATIC_OBSTACLE": 0.0,
        "HUMAN": 0.0,
        "VEHICLE": 0.0,
        "ROBOT": 0.0
      },
      "confusion_matrix": [
        [
          54660,
          0,
          0,
          0,
          0
        ],
        [
          10486,
          0,
          0,
          0,
          0
        ],
        [
          2630,
          0,
          0,
          0,
          0
        ],
        [
          4280,
          0,
          0,
          0,
          0
        ],
        [
          4744,
          0,
          0,
          0,
          0
        ]
      ],
      "interior_pixel_accuracy": 0.7471396936704189,
      "interior_per_class_recall": {
        "UNKNOWN": 1.0,
        "STATIC_OBSTACLE": 0.0,
        "HUMAN": 0.0,
        "VEHICLE": 0.0,
        "ROBOT": 0.0
      }
    },
    {
      "step": 100,
      "loss": 0.5886813402175903,
      "gradient_norm_last_step": 2.1772244488834045,
      "pixel_accuracy": 0.7788932291666667,
      "macro_f1": 0.28195327784097246,
      "per_class_recall": {
        "UNKNOWN": 0.9783022319795097,
        "STATIC_OBSTACLE": 0.60375739080679,
        "HUMAN": 0.0,
        "VEHICLE": 0.0,
        "ROBOT": 0.002951096121416526
      },
      "prediction_fraction": {
        "UNKNOWN": 0.7907161458333334,
        "STATIC_OBSTACLE": 0.20908854166666666,
        "HUMAN": 0.0,
        "VEHICLE": 0.0,
        "ROBOT": 0.0001953125
      },
      "confusion_matrix": [
        [
          53474,
          1186,
          0,
          0,
          0
        ],
        [
          4154,
          6331,
          0,
          0,
          1
        ],
        [
          980,
          1650,
          0,
          0,
          0
        ],
        [
          1053,
          3227,
          0,
          0,
          0
        ],
        [
          1066,
          3664,
          0,
          0,
          14
        ]
      ],
      "interior_pixel_accuracy": 0.823045457341453,
      "interior_per_class_recall": {
        "UNKNOWN": 0.9823813934341875,
        "STATIC_OBSTACLE": 0.6673596673596673,
        "HUMAN": 0.0,
        "VEHICLE": 0.0,
        "ROBOT": 0.004201680672268907
      }
    },
    {
      "step": 200,
      "loss": 0.5422044992446899,
      "gradient_norm_last_step": 4.07686970478097,
      "pixel_accuracy": 0.7974479166666667,
      "macro_f1": 0.38958299374961924,
      "per_class_recall": {
        "UNKNOWN": 0.9826930113428467,
        "STATIC_OBSTACLE": 0.5778180431050925,
        "HUMAN": 0.0007604562737642585,
        "VEHICLE": 0.06285046728971963,
        "ROBOT": 0.25295109612141653
      },
      "prediction_fraction": {
        "UNKNOWN": 0.8202734375,
        "STATIC_OBSTACLE": 0.14977864583333333,
        "HUMAN": 2.604166666666667e-05,
        "VEHICLE": 0.007604166666666667,
        "ROBOT": 0.022317708333333332
      },
      "confusion_matrix": [
        [
          53714,
          820,
          0,
          105,
          21
        ],
        [
          4380,
          6059,
          0,
          33,
          14
        ],
        [
          1647,
          981,
          2,
          0,
          0
        ],
        [
          2391,
          1141,
          0,
          269,
          479
        ],
        [
          865,
          2502,
          0,
          177,
          1200
        ]
      ],
      "interior_pixel_accuracy": 0.8398997354985545,
      "interior_per_class_recall": {
        "UNKNOWN": 0.9841309046001853,
        "STATIC_OBSTACLE": 0.632940632940633,
        "HUMAN": 0.0016168148746968471,
        "VEHICLE": 0.0830223880597015,
        "ROBOT": 0.3163265306122449
      }
    },
    {
      "step": 300,
      "loss": 0.04385869950056076,
      "gradient_norm_last_step": 0.39914523984217926,
      "pixel_accuracy": 0.9861067708333333,
      "macro_f1": 0.9682964251038945,
      "per_class_recall": {
        "UNKNOWN": 0.9909440175631175,
        "STATIC_OBSTACLE": 0.9952317375548351,
        "HUMAN": 0.9361216730038023,
        "VEHICLE": 0.9712616822429907,
        "ROBOT": 0.9513069139966274
      },
      "prediction_fraction": {
        "UNKNOWN": 0.7110416666666667,
        "STATIC_OBSTACLE": 0.1374609375,
        "HUMAN": 0.0344921875,
        "VEHICLE": 0.056953125,
        "ROBOT": 0.06005208333333333
      },
      "confusion_matrix": [
        [
          54165,
          91,
          163,
          152,
          89
        ],
        [
          42,
          10436,
          0,
          0,
          8
        ],
        [
          166,
          0,
          2462,
          2,
          0
        ],
        [
          97,
          2,
          22,
          4157,
          2
        ],
        [
          138,
          28,
          2,
          63,
          4513
        ]
      ],
      "interior_pixel_accuracy": 0.9991388325029218,
      "interior_per_class_recall": {
        "UNKNOWN": 0.9990737882062365,
        "STATIC_OBSTACLE": 1.0,
        "HUMAN": 0.9983831851253031,
        "VEHICLE": 0.9993781094527363,
        "ROBOT": 0.9978991596638656
      }
    },
    {
      "step": 400,
      "loss": 0.3643447160720825,
      "gradient_norm_last_step": 1.3619353657275965,
      "pixel_accuracy": 0.8654296875,
      "macro_f1": 0.5590556129355939,
      "per_class_recall": {
        "UNKNOWN": 0.9725576289791438,
        "STATIC_OBSTACLE": 0.8241464810223155,
        "HUMAN": 0.0,
        "VEHICLE": 0.8119158878504673,
        "ROBOT": 0.25042158516020235
      },
      "prediction_fraction": {
        "UNKNOWN": 0.7313932291666667,
        "STATIC_OBSTACLE": 0.18127604166666667,
        "HUMAN": 0.0,
        "VEHICLE": 0.06046875,
        "ROBOT": 0.026861979166666668
      },
      "confusion_matrix": [
        [
          53160,
          786,
          0,
          687,
          27
        ],
        [
          1077,
          8642,
          0,
          4,
          763
        ],
        [
          821,
          1354,
          0,
          370,
          85
        ],
        [
          441,
          364,
          0,
          3475,
          0
        ],
        [
          672,
          2776,
          0,
          108,
          1188
        ]
      ],
      "interior_pixel_accuracy": 0.914621393861106,