{
  "initial_state_sha256": "f52c92334e3602ead517dfdf6fe4709a5f2b04a3dad86a82f516aa08affa57d6",
  "steps": 1200,
  "initial_loss": 1.5828980207443237,
  "final_loss": 0.006730410736054182,
  "relative_loss": 0.004251954736091811,
  "gradient_norm_last_step": 0.08458972017733547,
  "pixel_accuracy": 0.9978515625,
  "macro_f1": 0.9948383787962332,
  "per_class_recall": {
    "UNKNOWN": 0.9972374679839004,
    "STATIC_OBSTACLE": 0.9995231737554835,
    "HUMAN": 0.9988593155893536,
    "VEHICLE": 0.9992990654205608,
    "ROBOT": 0.9993676222596964
  },
  "prediction_fraction": {
    "UNKNOWN": 0.7099348958333334,
    "STATIC_OBSTACLE": 0.136484375,
    "HUMAN": 0.035247395833333334,
    "VEHICLE": 0.05619791666666667,
    "ROBOT": 0.062135416666666665
  },
  "confusion_matrix": [
    [
      54509,
      1,
      80,
      39,
      31
    ],
    [
      5,
      10481,
      0,
      0,
      0
    ],
    [
      3,
      0,
      2627,
      0,
      0
    ],
    [
      3,
      0,
      0,
      4277,
      0
    ],
    [
      3,
      0,
      0,
      0,
      4741
    ]
  ],
  "interior_pixel_accuracy": 1.0,
  "interior_per_class_recall": {
    "UNKNOWN": 1.0,
    "STATIC_OBSTACLE": 1.0,
    "HUMAN": 1.0,
    "VEHICLE": 1.0,
    "ROBOT": 1.0
  },
  "pass": true,
  "records": [
    {
      "step": 0,
      "loss": 1.5828980207443237,
      "gradient_norm_last_step": 0.0,
      "pixel_accuracy": 0.71171875,
      "macro_f1": 0.16631675034230944,
      "per_class_recall": {
        "UNKNOWN": 1.0,
        "STATIC_OBSTACLE": 0.0,
        "HUMAN": 0.0,
        "VEHICLE": 0.0,
        "ROBOT": 0.0
      },
      "prediction_fraction": {
        "UNKNOWN": 1.0,
        "STATIC_OBSTACLE": 0.0,
        "HUMAN": 0.0,
        "VEHICLE": 0.0,
        "ROBOT": 0.0
      },
      "confusion_matrix": [
        [
          54660,
          0,
          0,
          0,
          0
        ],
        [
          10486,
          0,
          0,
          0,
          0
        ],
        [
          2630,
          0,
          0,
          0,
          0
        ],
        [
          4280,
          0,
          0,
          0,
          0
        ],
        [
          4744,
          0,
          0,
          0,
          0
        ]
      ],
      "interior_pixel_accuracy": 0.7471396936704189,
      "interior_per_class_recall": {
        "UNKNOWN": 1.0,
        "STATIC_OBSTACLE": 0.0,
        "HUMAN": 0.0,
        "VEHICLE": 0.0,
        "ROBOT": 0.0
      }
    },
    {
      "step": 100,
      "loss": 0.9395750761032104,
      "gradient_norm_last_step": 0.9863213756455543,
      "pixel_accuracy": 0.7805078125,
      "macro_f1": 0.2979787246091784,
      "per_class_recall": {
        "UNKNOWN": 0.9207830223197951,
        "STATIC_OBSTACLE": 0.9167461377074194,
        "HUMAN": 0.0,
        "VEHICLE": 0.0,
        "ROBOT": 0.0
      },
      "prediction_fraction": {
        "UNKNOWN": 0.6795833333333333,
        "STATIC_OBSTACLE": 0.3204166666666667,
        "HUMAN": 0.0,
        "VEHICLE": 0.0,
        "ROBOT": 0.0
      },
      "confusion_matrix": [
        [
          50330,
          4330,
          0,
          0,
          0
        ],
        [
          873,
          9613,
          0,
          0,
          0
        ],
        [
          412,
          2218,
          0,
          0,
          0
        ],
        [
          105,
          4175,
          0,
          0,
          0
        ],
        [
          472,
          4272,
          0,
          0,
          0
        ]
      ],
      "interior_pixel_accuracy": 0.832948883557852,
      "interior_per_class_recall": {
        "UNKNOWN": 0.9395286611093959,
        "STATIC_OBSTACLE": 0.9838299838299839,
        "HUMAN": 0.0,
        "VEHICLE": 0.0,
        "ROBOT": 0.0
      }
    },
    {
      "step": 200,
      "loss": 0.6882555484771729,
      "gradient_norm_last_step": 0.674613442200246,
      "pixel_accuracy": 0.8134244791666667,
      "macro_f1": 0.4905070581343701,
      "per_class_recall": {
        "UNKNOWN": 0.9062202707647274,
        "STATIC_OBSTACLE": 0.9191302689300019,
        "HUMAN": 0.5585551330798479,
        "VEHICLE": 0.008878504672897197,
        "ROBOT": 0.3777403035413153
      },
      "prediction_fraction": {
        "UNKNOWN": 0.6523958333333333,
        "STATIC_OBSTACLE": 0.23209635416666666,
        "HUMAN": 0.06580729166666667,
        "VEHICLE": 0.0020703125,
        "ROBOT": 0.04763020833333333
      },
      "confusion_matrix": [
        [
          49534,
          2466,
          1807,
          96,
          757
        ],
        [
          236,
          9638,
          299,
          6,
          307
        ],
        [
          127,
          794,
          1469,
          7,
          233
        ],
        [
          95,
          3308,
          270,
          38,
          569
        ],
        [
          112,
          1619,
          1209,
          12,
          1792
        ]
      ],
      "interior_pixel_accuracy": 0.8566771237005597,
      "interior_per_class_recall": {
        "UNKNOWN": 0.9341360502212617,
        "STATIC_OBSTACLE": 0.9675444675444675,
        "HUMAN": 0.486661277283751,
        "VEHICLE": 0.009639303482587064,
        "ROBOT": 0.3940576230492197
      }
    },
    {
      "step": 300,
      "loss": 0.05104615166783333,
      "gradient_norm_last_step": 0.9037031670816403,
      "pixel_accuracy": 0.9783072916666666,
      "macro_f1": 0.9573404217082567,
      "per_class_recall": {
        "UNKNOWN": 0.9729235272594219,
        "STATIC_OBSTACLE": 0.9944688155636087,
        "HUMAN": 0.9893536121673003,
        "VEHICLE": 0.9852803738317757,
        "ROBOT": 0.9922006745362564
      },
      "prediction_fraction": {
        "UNKNOWN": 0.6945052083333333,
        "STATIC_OBSTACLE": 0.13938802083333332,
        "HUMAN": 0.04084635416666667,
        "VEHICLE": 0.058268229166666664,
        "ROBOT": 0.0669921875
      },
      "confusion_matrix": [
        [
          53180,
          277,
          533,
          258,
          412
        ],
        [
          44,
          10428,
          0,
          0,
          14
        ],
        [
          19,
          0,
          2602,
          0,
          9
        ],
        [
          60,
          0,
          0,
          4217,
          3
        ],
        [
          35,
          0,
          2,
          0,
          4707
        ]
      ],
      "interior_pixel_accuracy": 0.9952482007750507,
      "interior_per_class_recall": {
        "UNKNOWN": 0.9936400123494906,
        "STATIC_OBSTACLE": 1.0,
        "HUMAN": 1.0,
        "VEHICLE": 1.0,
        "ROBOT": 1.0
      }
    },
    {
      "step": 400,
      "loss": 0.022720811888575554,
      "gradient_norm_last_step": 0.07529815351320573,
      "pixel_accuracy": 0.9910286458333334,
      "macro_f1": 0.9801768253431037,
      "per_class_recall": {
        "UNKNOWN": 0.9886571533113795,
        "STATIC_OBSTACLE": 0.9991417127598703,
        "HUMAN": 0.9950570342205323,
        "VEHICLE": 0.9960280373831776,
        "ROBOT": 0.9936762225969646
      },
      "prediction_fraction": {
        "UNKNOWN": 0.7045442708333334,
        "STATIC_OBSTACLE": 0.13701822916666667,
        "HUMAN": 0.0376953125,
        "VEHICLE": 0.05740885416666667,
        "ROBOT": 0.06333333333333334
      },
      "confusion_matrix": [
        [
          54040,
          46,
          278,
          146,
          150
        ],
        [
          9,
          10477,
          0,
          0,
          0
        ],
        [
          13,
          0,
          2617,
          0,
          0
        ],
        [
          17,
          0,
          0,
          4263,
          0
        ],
        [
          30,
          0,
          0,
          0,
          4714
        ]
      ],
      "interior_pixel_accuracy": 0.9991849664759795,
      "interior_per_class_recall": {
        "UNKNOWN": 0.9989091283317897,