{
  "initial_loss": 1.565251648426056,
  "final_loss": 1.1689035495122273,
  "relative_loss": 0.7467831455009948,
  "required_relative_loss_strictly_below": 0.55,
  "pass": false,
  "epochs": 24,
  "selected_image_ids": [
    0,
    1,
    2,
    3,
    4,
    5,
    6,
    7,
    8,
    9,
    10,
    11,
    12,
    13,
    14,
    15,
    16,
    17,
    18,
    19,
    20,
    21,
    22,
    23,
    24,
    25,
    26,
    27,
    28,
    29,
    30,
    31,
    32,
    33,
    34,
    35,
    36,
    37,
    38,
    39,
    40,
    41,
    42,
    43,
    44,
    45,
    46,
    47
  ],
  "selected_from_train_only": true,
  "config_hash_sha256": "03a11432eea89b50606e81136520fa971fb543995a037f4f3ebe45913211bb90",
  "model_parameter_count": 118341,
  "training_pixel_accuracy": 0.7328754340277778,
  "training_macro_f1": 0.2545701504143209,
  "per_class_recall": [
    0.9203965971972371,
    0.5119493312009306,
    0.0,
    0.0,
    0.0
  ],
  "confusion_matrix": [
    [
      619079,
      53543,
      0,
      0,
      0
    ],
    [
      53709,
      56339,
      0,
      0,
      0
    ],
    [
      19131,
      11897,
      0,
      0,
      0
    ],
    [
      26005,
      21220,
      0,
      0,
      0
    ],
    [
      35044,
      25633,
      0,
      0,
      0
    ]
  ],
  "minimal_fix": "clip_texture_to_instance_mask_and_label_robot_antenna",
  "augmentation": false,
  "dropout": false,
  "weight_decay": 0.0
}
