{
  "images": 48,
  "initial_loss": 1.5663416385650635,
  "final_loss": 1.1782216429710388,
  "relative_loss": 0.7522124254134085,
  "pass": false
}
