{
  "scene_id": 0,
  "rgb_sha256": "e74f3e9e3eb80ce611a404aff30103540c515ad46da5cbfe13aea2939744bb27",
  "semantic_label_sha256": "76eff64116cf5a7dd9fcd4a9fe4d6448dd00b1e566a824d8170a7e6ca40b2325",
  "initial_loss": 1.5814664363861084,
  "final_loss": 0.09580815583467484,
  "relative_loss": 0.06058184583013412,
  "pixel_accuracy": 0.9792708333333333,
  "macro_f1": 0.9096725766617466,
  "per_class_recall": {
    "UNKNOWN": 0.9955963859995445,
    "STATIC_OBSTACLE": 0.9990026595744681,
    "HUMAN": 0.6393188854489165,
    "VEHICLE": 0.9991803278688525,
    "ROBOT": 0.9108225108225109
  },
  "prediction_fraction": {
    "UNKNOWN": 0.6833854166666666,
    "STATIC_OBSTACLE": 0.1571875,
    "HUMAN": 0.02765625,
    "VEHICLE": 0.06442708333333333,
    "ROBOT": 0.06734375
  },
  "epochs": null,
  "optimizer_steps": 1200,
  "model_parameter_count": 118341,
  "config_hash_sha256": "b10e7460d85e70206e2105bf89258f821a3f2529c4fbb43a6a49f4987059bd5d",
  "selected_minimal_fix": "finite_single_image_steps_80_to_1200",
  "pass": false,
  "records": [
    {
      "step": 0,
      "loss": 1.5814664363861084,
      "pixel_accuracy": 0.6859895833333334,
      "macro_f1": 0.16275061011399092,
      "per_class_recall": {
        "UNKNOWN": 1.0,
        "STATIC_OBSTACLE": 0.0,
        "HUMAN": 0.0,
        "VEHICLE": 0.0,
        "ROBOT": 0.0
      },
      "prediction_fraction": {
        "UNKNOWN": 1.0,
        "STATIC_OBSTACLE": 0.0,
        "HUMAN": 0.0,
        "VEHICLE": 0.0,
        "ROBOT": 0.0
      },
      "confusion_matrix": [
        [
          13171,
          0,
          0,
          0,
          0
        ],
        [
          3008,
          0,
          0,
          0,
          0
        ],
        [
          646,
          0,
          0,
          0,
          0
        ],
        [
          1220,
          0,
          0,
          0,
          0
        ],
        [
          1155,
          0,
          0,
          0,
          0
        ]
      ]
    },
    {
      "step": 100,
      "loss": 0.26975011825561523,
      "pixel_accuracy": 0.9265625,
      "macro_f1": 0.736608402672042,
      "per_class_recall": {
        "UNKNOWN": 0.9757041986181763,
        "STATIC_OBSTACLE": 0.9960106382978723,
        "HUMAN": 0.19349845201238391,
        "VEHICLE": 0.9942622950819672,
        "ROBOT": 0.5238095238095238
      },
      "prediction_fraction": {
        "UNKNOWN": 0.6904166666666667,
        "STATIC_OBSTACLE": 0.15791666666666668,
        "HUMAN": 0.01828125,
        "VEHICLE": 0.06651041666666667,
        "ROBOT": 0.066875
      },
      "confusion_matrix": [
        [
          12851,
          36,
          0,
          64,
          220
        ],
        [
          12,
          2996,
          0,
          0,
          0
        ],
        [
          62,
          0,
          125,
          0,
          459
        ],
        [
          7,
          0,
          0,
          1213,
          0
        ],
        [
          324,
          0,
          226,
          0,
          605
        ]
      ]
    },
    {
      "step": 200,
      "loss": 0.014039942994713783,
      "pixel_accuracy": 0.9943229166666666,
      "macro_f1": 0.9860106037863451,
      "per_class_recall": {
        "UNKNOWN": 0.9923316376888619,
        "STATIC_OBSTACLE": 0.9993351063829787,
        "HUMAN": 0.9953560371517027,
        "VEHICLE": 0.9991803278688525,
        "ROBOT": 0.9982683982683983
      },
      "prediction_fraction": {
        "UNKNOWN": 0.6811458333333333,
        "STATIC_OBSTACLE": 0.15661458333333333,
        "HUMAN": 0.03671875,
        "VEHICLE": 0.06442708333333333,
        "ROBOT": 0.06109375
      },
      "confusion_matrix": [
        [
          13070,
          1,
          62,
          18,
          20
        ],
        [
          2,
          3006,
          0,
          0,
          0
        ],
        [
          3,
          0,
          643,
          0,
          0
        ],
        [
          1,
          0,
          0,
          1219,
          0
        ],
        [
          2,
          0,
          0,
          0,
          1153
        ]
      ]
    },
    {
      "step": 300,
      "loss": 0.33198535442352295,
      "pixel_accuracy": 0.9065104166666667,
      "macro_f1": 0.727610734891985,
      "per_class_recall": {
        "UNKNOWN": 0.9251385619922557,
        "STATIC_OBSTACLE": 0.9986702127659575,
        "HUMAN": 0.20743034055727555,
        "VEHICLE": 0.9680327868852459,
        "ROBOT": 0.78008658008658
      },
      "prediction_fraction": {
        "UNKNOWN": 0.6398958333333333,
        "STATIC_OBSTACLE": 0.1621875,
        "HUMAN": 0.024166666666666666,
        "VEHICLE": 0.08541666666666667,
        "ROBOT": 0.08833333333333333
      },
      "confusion_matrix": [
        [
          12185,
          105,
          119,
          451,
          311
        ],
        [
          4,
          3004,
          0,
          0,
          0
        ],
        [
          29,
          0,
          134,
          0,
          483
        ],
        [
          33,
          5,
          0,
          1181,
          1
        ],
        [
          35,
          0,
          211,
          8,
          901
        ]
      ]
    },
    {
      "step": 400,
      "loss": 0.16666896641254425,
      "pixel_accuracy": 0.9615104166666667,
      "macro_f1": 0.8206661978262405,
      "per_class_recall": {
        "UNKNOWN": 0.9895224356540885,
        "STATIC_OBSTACLE": 0.9970079787234043,
        "HUMAN": 0.2678018575851393,
        "VEHICLE": 0.989344262295082,
        "ROBOT": 0.9082251082251083
      },
      "prediction_fraction": {
        "UNKNOWN": 0.6810416666666667,
        "STATIC_OBSTACLE": 0.15723958333333332,
        "HUMAN": 0.014895833333333334,
        "VEHICLE": 0.06697916666666667,
        "ROBOT": 0.07984375
      },
      "confusion_matrix": [
        [
          13033,
          20,
          18,
          74,
          26
        ],
        [
          9,
          2999,
          0,
          0,
          0
        ],
        [
          15,
          0,
          173,
          0,
          458
        ],
        [
          13,
          0,
          0,
          1207,
          0
        ],
        [
          6,
          0,
          95,
          5,
          1049
        ]
      ]
    },
    {
      "step": 500,
      "loss": 0.14235693216323853,
      "pixel_accuracy": 0.9674479166666666,
      "macro_f1": 0.8570969853648227,
      "per_class_recall": {
        "UNKNOWN": 0.9936982765165895,
        "STATIC_OBSTACLE": 0.9986702127659575,
        "HUMAN": 0.47368421052631576,
        "VEHICLE": 0.9959016393442623,
        "ROBOT": 0.8329004329004329
      },
      "prediction_fraction": {
        "UNKNOWN": 0.6829166666666666,
        "STATIC_OBSTACLE": 0.1571875,
        "HUMAN": 0.027083333333333334,
        "VEHICLE": 0.065,
        "ROBOT": 0.0678125
      },
      "confusion_matrix": [
        [
          13088,
          14,
          28,
          30,
          11
        ],
        [
          4,
          3004,
          0,
          0,
          0
        ],
        [
          11,
          0,
          306,
          0,
          329
        ],
        [
          5,
          0,
          0,
          1215,
          0
        ],
        [
          4,
          0,
          186,
          3,
          962
        ]
      ]
    },
    {
      "step": 600,
      "loss": 0.1293400526046753,
      "pixel_accuracy": 0.9665104166666667,
      "macro_f1": 0.867724226773916,
      "per_class_recall": {
        "UNKNOWN": 0.9953686128615898,
        "STATIC_OBSTACLE": 0.9986702127659575,
        "HUMAN": 0.8637770897832817,
        "VEHICLE": 0.9967213114754099,
        "ROBOT": 0.5792207792207792
      },
      "prediction_fraction": {
        "UNKNOWN": 0.68390625,
        "STATIC_OBSTACLE": 0.1571875,
        "HUMAN": 0.055260416666666666,
        "VEHICLE": 0.06463541666666667,