{
  "method": "D1_sqrt_inverse_frequency_CE",
  "maximum_steps": 600,
  "records": [
    {
      "step": 0,
      "loss": 1.5814664363861084,
      "gradient_norm_last_step": 0.0,
      "parameter_update_since_last_record": 0.0,
      "pixel_accuracy": 0.6859895833333334,
      "macro_f1": 0.16275061011399092,
      "per_class_recall": {
        "UNKNOWN": 1.0,
        "STATIC_OBSTACLE": 0.0,
        "HUMAN": 0.0,
        "VEHICLE": 0.0,
        "ROBOT": 0.0
      },
      "prediction_fraction": {
        "UNKNOWN": 1.0,
        "STATIC_OBSTACLE": 0.0,
        "HUMAN": 0.0,
        "VEHICLE": 0.0,
        "ROBOT": 0.0
      }
    },
    {
      "step": 50,
      "loss": 0.8435050249099731,
      "gradient_norm_last_step": 0.4681641412189134,
      "parameter_update_since_last_record": 4.982004181462506,
      "pixel_accuracy": 0.81734375,
      "macro_f1": 0.34580748938582373,
      "per_class_recall": {
        "UNKNOWN": 0.9719839040315845,
        "STATIC_OBSTACLE": 0.9564494680851063,
        "HUMAN": 0.0,
        "VEHICLE": 0.011475409836065573,
        "ROBOT": 0.0
      },
      "prediction_fraction": {
        "UNKNOWN": 0.7783854166666667,
        "STATIC_OBSTACLE": 0.21979166666666666,
        "HUMAN": 0.0,
        "VEHICLE": 0.0018229166666666667,
        "ROBOT": 0.0
      }
    },
    {
      "step": 100,
      "loss": 0.26975011825561523,
      "gradient_norm_last_step": 2.487702848296784,
      "parameter_update_since_last_record": 4.820549743196559,
      "pixel_accuracy": 0.9265625,
      "macro_f1": 0.736608402672042,
      "per_class_recall": {
        "UNKNOWN": 0.9757041986181763,
        "STATIC_OBSTACLE": 0.9960106382978723,
        "HUMAN": 0.19349845201238391,
        "VEHICLE": 0.9942622950819672,
        "ROBOT": 0.5238095238095238
      },
      "prediction_fraction": {
        "UNKNOWN": 0.6904166666666667,
        "STATIC_OBSTACLE": 0.15791666666666668,
        "HUMAN": 0.01828125,
        "VEHICLE": 0.06651041666666667,
        "ROBOT": 0.066875
      }
    },
    {
      "step": 150,
      "loss": 0.03615906089544296,
      "gradient_norm_last_step": 2.489999421619127,
      "parameter_update_since_last_record": 2.7586605275090954,
      "pixel_accuracy": 0.97921875,
      "macro_f1": 0.9549039329109542,
      "per_class_recall": {
        "UNKNOWN": 0.9714524333763571,
        "STATIC_OBSTACLE": 0.9973404255319149,
        "HUMAN": 0.9922600619195047,
        "VEHICLE": 0.9975409836065574,
        "ROBOT": 0.9939393939393939
      },
      "prediction_fraction": {
        "UNKNOWN": 0.6674479166666667,
        "STATIC_OBSTACLE": 0.15661458333333333,
        "HUMAN": 0.042604166666666665,
        "VEHICLE": 0.06614583333333333,
        "ROBOT": 0.0671875
      }
    },
    {
      "step": 200,
      "loss": 0.014039942994713783,
      "gradient_norm_last_step": 0.14414367978451917,
      "parameter_update_since_last_record": 1.598693004560957,
      "pixel_accuracy": 0.9943229166666666,
      "macro_f1": 0.9860106037863451,
      "per_class_recall": {
        "UNKNOWN": 0.9923316376888619,
        "STATIC_OBSTACLE": 0.9993351063829787,
        "HUMAN": 0.9953560371517027,
        "VEHICLE": 0.9991803278688525,
        "ROBOT": 0.9982683982683983
      },
      "prediction_fraction": {
        "UNKNOWN": 0.6811458333333333,
        "STATIC_OBSTACLE": 0.15661458333333333,
        "HUMAN": 0.03671875,
        "VEHICLE": 0.06442708333333333,
        "ROBOT": 0.06109375
      }
    },
    {
      "step": 250,
      "loss": 7.720190048217773,
      "gradient_norm_last_step": 24.741371662900548,
      "parameter_update_since_last_record": 1.8092140104829462,
      "pixel_accuracy": 0.6783854166666666,
      "macro_f1": 0.43904344973664583,
      "per_class_recall": {
        "UNKNOWN": 0.8217295573608686,
        "STATIC_OBSTACLE": 0.0,
        "HUMAN": 0.5835913312693498,
        "VEHICLE": 0.9991803278688525,
        "ROBOT": 0.5246753246753246
      },
      "prediction_fraction": {
        "UNKNOWN": 0.5640104166666666,
        "STATIC_OBSTACLE": 0.0,
        "HUMAN": 0.07114583333333334,
        "VEHICLE": 0.31708333333333333,
        "ROBOT": 0.047760416666666666
      }
    },
    {
      "step": 300,
      "loss": 0.33198535442352295,
      "gradient_norm_last_step": 0.5857845257477415,
      "parameter_update_since_last_record": 6.935015680305644,
      "pixel_accuracy": 0.9065104166666667,
      "macro_f1": 0.727610734891985,
      "per_class_recall": {
        "UNKNOWN": 0.9251385619922557,
        "STATIC_OBSTACLE": 0.9986702127659575,
        "HUMAN": 0.20743034055727555,
        "VEHICLE": 0.9680327868852459,
        "ROBOT": 0.78008658008658
      },
      "prediction_fraction": {
        "UNKNOWN": 0.6398958333333333,
        "STATIC_OBSTACLE": 0.1621875,
        "HUMAN": 0.024166666666666666,
        "VEHICLE": 0.08541666666666667,
        "ROBOT": 0.08833333333333333
      }
    },
    {
      "step": 350,
      "loss": 0.20727770030498505,
      "gradient_norm_last_step": 0.1905547909349784,
      "parameter_update_since_last_record": 3.7720705536968504,
      "pixel_accuracy": 0.94203125,
      "macro_f1": 0.7959056236448004,
      "per_class_recall": {
        "UNKNOWN": 0.9744134841697669,
        "STATIC_OBSTACLE": 0.9980053191489362,
        "HUMAN": 0.39473684210526316,
        "VEHICLE": 0.9647540983606557,
        "ROBOT": 0.7090909090909091
      },
      "prediction_fraction": {
        "UNKNOWN": 0.67359375,
        "STATIC_OBSTACLE": 0.15828125,
        "HUMAN": 0.029739583333333333,
        "VEHICLE": 0.06864583333333334,
        "ROBOT": 0.06973958333333333
      }
    },
    {
      "step": 400,
      "loss": 0.16666896641254425,
      "gradient_norm_last_step": 1.7785860576171801,
      "parameter_update_since_last_record": 2.370479682939876,
      "pixel_accuracy": 0.9615104166666667,
      "macro_f1": 0.8206661978262405,
      "per_class_recall": {
        "UNKNOWN": 0.9895224356540885,
        "STATIC_OBSTACLE": 0.9970079787234043,
        "HUMAN": 0.2678018575851393,
        "VEHICLE": 0.989344262295082,
        "ROBOT": 0.9082251082251083
      },
      "prediction_fraction": {
        "UNKNOWN": 0.6810416666666667,
        "STATIC_OBSTACLE": 0.15723958333333332,
        "HUMAN": 0.014895833333333334,
        "VEHICLE": 0.06697916666666667,
        "ROBOT": 0.07984375
      }
    },
    {
      "step": 450,
      "loss": 0.1519140750169754,
      "gradient_norm_last_step": 0.23495281622053446,
      "parameter_update_since_last_record": 1.394142272750619,
      "pixel_accuracy": 0.9621354166666667,
      "macro_f1": 0.8514149713702353,
      "per_class_recall": {
        "UNKNOWN": 0.9940778984131805,
        "STATIC_OBSTACLE": 0.9986702127659575,
        "HUMAN": 0.7368421052631579,
        "VEHICLE": 0.9942622950819672,
        "ROBOT": 0.5948051948051948
      },
      "prediction_fraction": {
        "UNKNOWN": 0.6841145833333333,
        "STATIC_OBSTACLE": 0.1571875,
        "HUMAN": 0.049479166666666664,
        "VEHICLE": 0.06546875,
        "ROBOT": 0.04375
      }
    },
    {
      "step": 500,
      "loss": 0.14235693216323853,
      "gradient_norm_last_step": 0.4917953814407224,
      "parameter_update_since_last_record": 1.145717835025131,
      "pixel_accuracy": 0.9674479166666666,
      "macro_f1": 0.8570969853648227,
      "per_class_recall": {
        "UNKNOWN": 0.9936982765165895,
        "STATIC_OBSTACLE": 0.9986702127659575,
        "HUMAN": 0.47368421052631576,
        "VEHICLE": 0.9959016393442623,
        "ROBOT": 0.8329004329004329
      },
      "prediction_fraction": {
        "UNKNOWN": 0.6829166666666666,
        "STATIC_OBSTACLE": 0.1571875,
        "HUMAN": 0.027083333333333334,
        "VEHICLE": 0.065,
        "ROBOT": 0.0678125
      }
    },
    {
      "step": 550,
      "loss": 0.14373494684696198,
      "gradient_norm_last_step": 2.327731414430234,
      "parameter_update_since_last_record": 1.0174850389051533,