{
  "boundary_1px": {
    "pixel_count": 29236,
    "pixel_accuracy": 0.5948830209330962,
    "mean_iou": 0.39554959984255716,
    "macro_f1": 0.5627057288280954,
    "per_class_iou": {
      "UNKNOWN": 0.4739091904290257,
      "STATIC_OBSTACLE": 0.48127463863337716,
      "HUMAN": 0.3981094346482458,
      "VEHICLE": 0.3305084745762712,
      "ROBOT": 0.29394626092586595
    },
    "per_class_precision": {
      "UNKNOWN": 0.6735570867600208,
      "STATIC_OBSTACLE": 0.6311934510986643,
      "HUMAN": 0.5758611622403366,
      "VEHICLE": 0.5005500550055005,
      "ROBOT": 0.39763520910882416
    },
    "per_class_recall": {
      "UNKNOWN": 0.6152128307504906,
      "STATIC_OBSTACLE": 0.6695612431444241,
      "HUMAN": 0.5632716049382716,
      "VEHICLE": 0.493135838150289,
      "ROBOT": 0.5299095418733586
    },
    "prediction_class_fraction": {
      "UNKNOWN": 0.4616568614037488,
      "STATIC_OBSTACLE": 0.15877685045833903,
      "HUMAN": 0.13007935422082365,
      "VEHICLE": 0.09327541387330689,
      "ROBOT": 0.15621152004378164
    },
    "unknown_rate": 0.4616568614037488,
    "confusion_matrix": [
      [
        9091,
        1627,
        1438,
        988,
        1633
      ],
      [
        992,
        2930,
        0,
        74,
        380
      ],
      [
        1190,
        49,
        2190,
        2,
        457
      ],
      [
        1102,
        0,
        20,
        1365,
        281
      ],
      [
        1122,
        36,
        155,
        298,
        1816
      ]
    ]
  },
  "boundary_3px": {
    "pixel_count": 85319,
    "pixel_accuracy": 0.7538531862773825,
    "mean_iou": 0.5480759402363677,
    "macro_f1": 0.701457493705421,
    "per_class_iou": {
      "UNKNOWN": 0.6935311439128233,
      "STATIC_OBSTACLE": 0.6545896896370331,
      "HUMAN": 0.5330204492122025,
      "VEHICLE": 0.4472858636752543,
      "ROBOT": 0.4119525547445255
    },
    "per_class_precision": {
      "UNKNOWN": 0.8235595447560079,
      "STATIC_OBSTACLE": 0.7954454654414702,
      "HUMAN": 0.7248689309323,
      "VEHICLE": 0.6474473647997798,
      "ROBOT": 0.532788267026298
    },
    "per_class_recall": {
      "UNKNOWN": 0.8145610750082608,
      "STATIC_OBSTACLE": 0.7870809614168248,
      "HUMAN": 0.6682076066400504,
      "VEHICLE": 0.5913032549956013,
      "ROBOT": 0.6449341903887359
    },
    "prediction_class_fraction": {
      "UNKNOWN": 0.526248549561059,
      "STATIC_OBSTACLE": 0.14668479471161172,
      "HUMAN": 0.10283758600077357,
      "VEHICLE": 0.0851744628980649,
      "ROBOT": 0.13905460682849072
    },
    "unknown_rate": 0.526248549561059,
    "confusion_matrix": [
      [
        36977,
        2435,
        1908,
        1490,
        2585
      ],
      [
        1357,
        9955,
        0,
        235,
        1101
      ],
      [
        1994,
        59,
        6360,
        3,
        1102
      ],
      [
        2419,
        0,
        78,
        4705,
        755
      ],
      [
        2152,
        66,
        428,
        834,
        6321
      ]
    ]
  },
  "boundary_5px": {
    "pixel_count": 137873,
    "pixel_accuracy": 0.8108331580512501,
    "mean_iou": 0.6085984448673531,
    "macro_f1": 0.749402742640388,
    "per_class_iou": {
      "UNKNOWN": 0.778044191542574,
      "STATIC_OBSTACLE": 0.7232744921187132,
      "HUMAN": 0.5813609467455622,
      "VEHICLE": 0.4986716775740297,
      "ROBOT": 0.46164091635588705
    },
    "per_class_precision": {
      "UNKNOWN": 0.8781773214031362,
      "STATIC_OBSTACLE": 0.8486619966738901,
      "HUMAN": 0.7664716357161028,
      "VEHICLE": 0.6872042146620234,
      "ROBOT": 0.583796530234125
    },
    "per_class_recall": {
      "UNKNOWN": 0.8721803544329844,
      "STATIC_OBSTACLE": 0.8303747534516766,
      "HUMAN": 0.7065030483038924,
      "VEHICLE": 0.6450963956412405,
      "ROBOT": 0.6881080007941235
    },
    "prediction_class_fraction": {
      "UNKNOWN": 0.5601314252971938,
      "STATIC_OBSTACLE": 0.14392230530995917,
      "HUMAN": 0.08553523895178897,
      "VEHICLE": 0.08122692622921095,
      "ROBOT": 0.12918410421184714
    },
    "unknown_rate": 0.5601314252971938,
    "confusion_matrix": [
      [
        67819,
        2863,
        2083,
        1741,
        3252
      ],
      [
        1410,
        16840,
        0,
        370,
        1660
      ],
      [
        2259,
        59,
        9039,
        3,
        1434
      ],
      [
        3064,
        0,
        103,
        7696,
        1067
      ],
      [
        2675,
        81,
        568,
        1389,
        10398
      ]
    ]
  },
  "object_interior": {
    "pixel_count": 67498,
    "pixel_accuracy": 0.8826187442590891,
    "mean_iou": 0.626475435169947,
    "macro_f1": 0.6996406665444049,
    "per_class_iou": {
      "UNKNOWN": 0.0,
      "STATIC_OBSTACLE": 0.9562624829941818,
      "HUMAN": 0.7823467784180199,
      "VEHICLE": 0.6882573878534477,
      "ROBOT": 0.7055105265840852
    },
    "per_class_precision": {
      "UNKNOWN": 0.0,
      "STATIC_OBSTACLE": 0.999455436558359,
      "HUMAN": 0.9273517541136294,
      "VEHICLE": 0.8323620157696263,
      "ROBOT": 0.8528994885068096
    },
    "per_class_recall": {
      "UNKNOWN": 0.0,
      "STATIC_OBSTACLE": 0.9567609835210982,
      "HUMAN": 0.8334263392857143,
      "VEHICLE": 0.7990127519539284,
      "ROBOT": 0.8032501450957632
    },
    "prediction_class_fraction": {
      "UNKNOWN": 0.04930516459746955,
      "STATIC_OBSTACLE": 0.48970339861921836,
      "HUMAN": 0.04771993244244274,
      "VEHICLE": 0.17286438116684938,
      "ROBOT": 0.24040712317401997
    },
    "unknown_rate": 0.04930516459746955,
    "confusion_matrix": [
      [
        0,
        0,
        0,
        0,
        0
      ],
      [
        156,
        33036,
        0,
        178,
        1159
      ],
      [
        265,
        0,
        2987,
        0,
        332
      ],
      [
        1515,
        0,
        32,
        9712,
        896
      ],
      [
        1392,
        18,
        202,
        1778,
        13840
      ]
    ]
  },
  "image_border_5px": {
    "pixel_count": 54000,
    "pixel_accuracy": 0.9942222222222222,
    "mean_iou": 0.21263724822655172,
    "macro_f1": 0.22522684916073904,
    "per_class_iou": {
      "UNKNOWN": 0.9942207238913793,
      "STATIC_OBSTACLE": 0.06896551724137931,
      "HUMAN": 0.0,
      "VEHICLE": 0.0,
      "ROBOT": 0.0
    },
    "per_class_precision": {
      "UNKNOWN": 0.9953823043970106,
      "STATIC_OBSTACLE": 0.6086956521739131,
      "HUMAN": 0.0,
      "VEHICLE": 0.0,
      "ROBOT": 0.0
    },
    "per_class_recall": {
      "UNKNOWN": 0.9988276234252005,
      "STATIC_OBSTACLE": 0.07216494845360824,
      "HUMAN": 0.0,
      "VEHICLE": 0.0,
      "ROBOT": 0.0
    },
    "prediction_class_fraction": {
      "UNKNOWN": 0.9985740740740741,
      "STATIC_OBSTACLE": 0.00042592592592592595,
      "HUMAN": 0.0,
      "VEHICLE": 0.001,
      "ROBOT": 0.0
    },
    "unknown_rate": 0.9985740740740741,
    "confusion_matrix": [
      [
        53674,
        9,
        0,
        54,
        0
      ],
      [
        180,
        14,
        0,
        0,
        0
      ],
      [
        0,
        0,
        0,
        0,
        0
      ],
      [
        69,
        0,
        0,
        0,
        0
      ],
      [
        0,
        0,
        0,
        0,
        0
      ]
    ]
  },
  "occluded_region": {
    "pixel_count": 18600,
    "pixel_accuracy": 0.9231182795698925,
    "mean_iou": 0.1846236559139785,
    "macro_f1": 0.19200447302208554,
    "per_class_iou": {
      "UNKNOWN": 0.9231182795698925,
      "STATIC_OBSTACLE": 0.0,
      "HUMAN": 0.0,
      "VEHICLE": 0.0,
      "ROBOT": 0.0
    },
    "per_class_precision": {
      "UNKNOWN": 1.0,
      "STATIC_OBSTACLE": 0.0,
      "HUMAN": 0.0,
      "VEHICLE": 0.0,
      "ROBOT": 0.0
    },
    "per_class_recall": {
      "UNKNOWN": 0.9231182795698925,