{
  "per_class_iou": {
    "UNKNOWN": 0.904644440429701,
    "STATIC_OBSTACLE": 0.8512900734638918,
    "HUMAN": 0.5772603754940712,
    "VEHICLE": 0.5122947907042854,
    "ROBOT": 0.5300086753069219
  },
  "per_class_precision": {
    "UNKNOWN": 0.9585836720268599,
    "STATIC_OBSTACLE": 0.9282305948396847,
    "HUMAN": 0.7515478009166198,
    "VEHICLE": 0.6422684545819041,
    "ROBOT": 0.6468285796785267
  },
  "per_class_recall": {
    "UNKNOWN": 0.9414414740145637,
    "STATIC_OBSTACLE": 0.9112703224028658,
    "HUMAN": 0.7134025339642802,
    "VEHICLE": 0.7168357199681782,
    "ROBOT": 0.7458473604380156
  }
}
