{
  "low_recall": [
    {
      "scene_id": 93,
      "instance_id": 3,
      "geometry_seed": 10279,
      "appearance_seed": 10280,
      "camera_seed": 10281,
      "pixel_area": 899,
      "bbox_width_px": 12,
      "bbox_height_px": 97,
      "aspect_ratio": 0.12371134020618557,
      "foreground_occupancy": 0.7723367697594502,
      "occlusion_fraction": 0.0,
      "distance_from_image_center_px": 21.289668856043768,
      "distance_from_image_border_px": 8,
      "brightness": 0.4048733660130719,
      "contrast": 0.07655524265919544,
      "texture_frequency": 0.0030829210355381455,
      "background_type": "mid",
      "gt_human_pixel_count": 899,
      "prediction_distribution": {
        "UNKNOWN": 0.27919911012235815,
        "STATIC_OBSTACLE": 0.0,
        "HUMAN": 0.2903225806451613,
        "VEHICLE": 0.05784204671857619,
        "ROBOT": 0.37263626251390436
      },
      "human_recall": 0.2903225806451613,
      "mean_human_probability": 0.2671802043914795,
      "rgb_sha256": "dadd7e1770441abccd10ea774a0ec102542993afe99fbf253da321f397df8b95",
      "label_sha256": "bbdd9ee7a7c8d4acdf2e7b01ab4723083a1fe725b48daea5f6fa0ed2d9a0f8cb"
    },
    {
      "scene_id": 86,
      "instance_id": 4,
      "geometry_seed": 10258,
      "appearance_seed": 10259,
      "camera_seed": 10260,
      "pixel_area": 799,
      "bbox_width_px": 11,
      "bbox_height_px": 94,
      "aspect_ratio": 0.11702127659574468,
      "foreground_occupancy": 0.7727272727272727,
      "occlusion_fraction": 0.0,
      "distance_from_image_center_px": 58.57687256929991,
      "distance_from_image_border_px": 10,
      "brightness": 0.4495975626361656,
      "contrast": 0.09959328143042005,
      "texture_frequency": 0.00987233844832891,
      "background_type": "mid",
      "gt_human_pixel_count": 799,
      "prediction_distribution": {
        "UNKNOWN": 0.38172715894868586,
        "STATIC_OBSTACLE": 0.0,
        "HUMAN": 0.425531914893617,
        "VEHICLE": 0.0,
        "ROBOT": 0.1927409261576971
      },
      "human_recall": 0.425531914893617,
      "mean_human_probability": 0.3590300977230072,
      "rgb_sha256": "6ea0769a74e96d738f022cdf8d204a9e26f3bc478b0a4d907de1b423384fb640",
      "label_sha256": "163ea6e56603eddbfd160ee05e759b9e7873aac3c4c401e7355e4732e029a132"
    },
    {
      "scene_id": 81,
      "instance_id": 3,
      "geometry_seed": 10243,
      "appearance_seed": 10244,
      "camera_seed": 10245,
      "pixel_area": 95,
      "bbox_width_px": 2,
      "bbox_height_px": 58,
      "aspect_ratio": 0.034482758620689655,
      "foreground_occupancy": 0.8189655172413793,
      "occlusion_fraction": 0.0,
      "distance_from_image_center_px": 16.492422502470642,
      "distance_from_image_border_px": 27,
      "brightness": 0.2935744144880174,
      "contrast": 0.06530736698791503,
      "texture_frequency": 0.005015763575256382,
      "background_type": "dark",
      "gt_human_pixel_count": 95,
      "prediction_distribution": {
        "UNKNOWN": 0.5368421052631579,
        "STATIC_OBSTACLE": 0.0,
        "HUMAN": 0.4631578947368421,
        "VEHICLE": 0.0,
        "ROBOT": 0.0
      },
      "human_recall": 0.4631578947368421,
      "mean_human_probability": 0.30969345569610596,
      "rgb_sha256": "71d63e92ef7fe0cc212ed44b7f22ef5e0b61d76dcf514e8cbe9f269b9046aa9f",
      "label_sha256": "7e86a9b0c983229b7972246b4e42af2de3a471a6ccc862343d6b842fd05fe790"
    },
    {
      "scene_id": 99,
      "instance_id": 2,
      "geometry_seed": 10297,
      "appearance_seed": 10298,
      "camera_seed": 10299,
      "pixel_area": 428,
      "bbox_width_px": 8,
      "bbox_height_px": 68,
      "aspect_ratio": 0.11764705882352941,
      "foreground_occupancy": 0.7867647058823529,
      "occlusion_fraction": 0.0,
      "distance_from_image_center_px": 27.018512172212592,
      "distance_from_image_border_px": 9,
      "brightness": 0.5422149373638343,
      "contrast": 0.06334885740062181,
      "texture_frequency": 0.0025835688745832397,
      "background_type": "mid",
      "gt_human_pixel_count": 428,
      "prediction_distribution": {
        "UNKNOWN": 0.1588785046728972,
        "STATIC_OBSTACLE": 0.0,
        "HUMAN": 0.616822429906542,
        "VEHICLE": 0.0,
        "ROBOT": 0.22429906542056074
      },
      "human_recall": 0.616822429906542,
      "mean_human_probability": 0.49455732107162476,
      "rgb_sha256": "4ca6dd4277ec75d32fbd55902b456c3e498f56d5310052672070f60684c0d766",
      "label_sha256": "e83f195915544d7195cfbf021dd0b562005f94aec3bebd95dba8bf9ac0eb7830"
    }
  ],
  "high_recall": [
    {
      "scene_id": 95,
      "instance_id": 3,
      "geometry_seed": 10285,
      "appearance_seed": 10286,
      "camera_seed": 10287,
      "pixel_area": 531,
      "bbox_width_px": 9,
      "bbox_height_px": 73,
      "aspect_ratio": 0.1232876712328767,
      "foreground_occupancy": 0.8082191780821918,
      "occlusion_fraction": 0.0,
      "distance_from_image_center_px": 25.10975905897944,
      "distance_from_image_border_px": 9,
      "brightness": 0.5575584150326796,
      "contrast": 0.06341940632312676,
      "texture_frequency": 0.0011152304207010908,
      "background_type": "mid",
      "gt_human_pixel_count": 531,
      "prediction_distribution": {
        "UNKNOWN": 0.064030131826742,
        "STATIC_OBSTACLE": 0.0,
        "HUMAN": 0.935969868173258,
        "VEHICLE": 0.0,
        "ROBOT": 0.0
      },
      "human_recall": 0.935969868173258,
      "mean_human_probability": 0.9089438915252686,
      "rgb_sha256": "e1c63832001ef0df4baa4d82167e72588ece5e47dc97c051908bc625f0ce3f93",
      "label_sha256": "a956a3b15691df267cfaa29c7e9f1c0e2c611a0d7fc4b7704f763c0b7744979a"
    },
    {
      "scene_id": 85,
      "instance_id": 1,
      "geometry_seed": 10255,
      "appearance_seed": 10256,
      "camera_seed": 10257,
      "pixel_area": 783,
      "bbox_width_px": 10,
      "bbox_height_px": 97,
      "aspect_ratio": 0.10309278350515463,
      "foreground_occupancy": 0.8072164948453608,
      "occlusion_fraction": 0.0,
      "distance_from_image_center_px": 60.01874707122767,
      "distance_from_image_border_px": 10,
      "brightness": 0.6156493055555555,
      "contrast": 0.07578898022880297,
      "texture_frequency": 0.004599625988413129,
      "background_type": "bright",
      "gt_human_pixel_count": 783,
      "prediction_distribution": {
        "UNKNOWN": 0.016602809706257982,
        "STATIC_OBSTACLE": 0.0,
        "HUMAN": 0.9655172413793104,
        "VEHICLE": 0.0,
        "ROBOT": 0.017879948914431672
      },
      "human_recall": 0.9655172413793104,
      "mean_human_probability": 0.9112840294837952,
      "rgb_sha256": "7a48c64b2d21a351037fb08bd56ece88cd046b4cd7dc3fa7782a6e207e27073d",
      "label_sha256": "a555d311eee3268b19c9d635fafbb440f3b8774331944a14c6aacdd86e2f1b03"
    },
    {
      "scene_id": 91,
      "instance_id": 4,
      "geometry_seed": 10273,
      "appearance_seed": 10274,
      "camera_seed": 10275,
      "pixel_area": 697,
      "bbox_width_px": 9,
      "bbox_height_px": 95,
      "aspect_ratio": 0.09473684210526316,
      "foreground_occupancy": 0.8152046783625732,
      "occlusion_fraction": 0.0,
      "distance_from_image_center_px": 60.66712454039667,
      "distance_from_image_border_px": 8,
      "brightness": 0.494917619825708,
      "contrast": 0.08805236284306207,
      "texture_frequency": 0.0086528082090385,
      "background_type": "mid",
      "gt_human_pixel_count": 697,
      "prediction_distribution": {
        "UNKNOWN": 0.005738880918220947,
        "STATIC_OBSTACLE": 0.0,
        "HUMAN": 0.9813486370157819,
        "VEHICLE": 0.0,
        "ROBOT": 0.01291248206599713
      },
      "human_recall": 0.9813486370157819,
      "mean_human_probability": 0.9326033592224121,
      "rgb_sha256": "26d7453132411ef6e7e0a6c4f04a8945e620e9f306ba595bf4900c5bf8cb22c4",
      "label_sha256": "7dcea3cd19798a923aa9cd401bd2ada2f299bb431ba80003099d262693bab334"
    },
    {
      "scene_id": 98,