{
  "objectives": [
    "mIoU",
    "macro_f1",
    "HUMAN_recall",
    "HUMAN_IoU",
    "VEHICLE_recall",
    "ROBOT_recall"
  ],
  "pareto_front_epochs": [
    146,
    147,
    148,
    149,
    150,
    151
  ],
  "records": [
    {
      "epoch": 146,
      "validation_loss": 0.2665250549713771,
      "mean_iou": 0.8314213138212587,
      "macro_f1": 0.9036571092512972,
      "human_iou": 0.6530684140069049,
      "human_recall": 0.7560975609756098,
      "vehicle_recall": 0.8730400501747155,
      "robot_recall": 0.9365844613387725,
      "human_errors": {
        "HUMAN_to_UNKNOWN": {
          "count": 1798,
          "rate": 0.14666775430296108
        },
        "HUMAN_to_STATIC_OBSTACLE": {
          "count": 23,
          "rate": 0.001876172607879925
        },
        "HUMAN_to_VEHICLE": {
          "count": 234,
          "rate": 0.019088016967126194
        },
        "HUMAN_to_ROBOT": {
          "count": 935,
          "rate": 0.07627049514642303
        }
      },
      "feasible": false
    },
    {
      "epoch": 147,
      "validation_loss": 0.26638682186603546,
      "mean_iou": 0.8312439632677894,
      "macro_f1": 0.9035186115153591,
      "human_iou": 0.6517693500634428,
      "human_recall": 0.7542213883677298,
      "vehicle_recall": 0.8759519756294238,
      "robot_recall": 0.935768588911552,
      "human_errors": {
        "HUMAN_to_UNKNOWN": {
          "count": 1830,
          "rate": 0.14927808140957663
        },
        "HUMAN_to_STATIC_OBSTACLE": {
          "count": 23,
          "rate": 0.001876172607879925
        },
        "HUMAN_to_VEHICLE": {
          "count": 256,
          "rate": 0.020882616852924384
        },
        "HUMAN_to_ROBOT": {
          "count": 904,
          "rate": 0.07374174076188922
        }
      },
      "feasible": false
    },
    {
      "epoch": 148,
      "validation_loss": 0.2702390154202779,
      "mean_iou": 0.8324555333023543,
      "macro_f1": 0.904334436115896,
      "human_iou": 0.6544939844302902,
      "human_recall": 0.7543845338118933,
      "vehicle_recall": 0.8701729235731566,
      "robot_recall": 0.931392545892824,
      "human_errors": {
        "HUMAN_to_UNKNOWN": {
          "count": 1896,
          "rate": 0.1546618810669712
        },
        "HUMAN_to_STATIC_OBSTACLE": {
          "count": 22,
          "rate": 0.0017945998857981892
        },
        "HUMAN_to_VEHICLE": {
          "count": 240,
          "rate": 0.019577453299616607
        },
        "HUMAN_to_ROBOT": {
          "count": 853,
          "rate": 0.0695815319357207
        }
      },
      "feasible": false
    },
    {
      "epoch": 149,
      "validation_loss": 0.2699897686640422,
      "mean_iou": 0.8317358448540568,
      "macro_f1": 0.9038534242217329,
      "human_iou": 0.6531591951994352,
      "human_recall": 0.7547108247002202,
      "vehicle_recall": 0.8699041304542604,
      "robot_recall": 0.933765992953829,
      "human_errors": {
        "HUMAN_to_UNKNOWN": {
          "count": 1871,
          "rate": 0.1526225630149278
        },
        "HUMAN_to_STATIC_OBSTACLE": {
          "count": 24,
          "rate": 0.0019577453299616607
        },
        "HUMAN_to_VEHICLE": {
          "count": 237,
          "rate": 0.0193327351333714
        },
        "HUMAN_to_ROBOT": {
          "count": 875,
          "rate": 0.07137613182151889
        }
      },
      "feasible": false
    },
    {
      "epoch": 150,
      "validation_loss": 0.2707485606273015,
      "mean_iou": 0.831577262350689,
      "macro_f1": 0.9037496110108425,
      "human_iou": 0.6528581510232886,
      "human_recall": 0.7546292519781385,
      "vehicle_recall": 0.8700385270137084,
      "robot_recall": 0.9339885036157982,
      "human_errors": {
        "HUMAN_to_UNKNOWN": {
          "count": 1872,
          "rate": 0.15270413573700956
        },
        "HUMAN_to_STATIC_OBSTACLE": {
          "count": 24,
          "rate": 0.0019577453299616607
        },
        "HUMAN_to_VEHICLE": {
          "count": 239,
          "rate": 0.01949588057753487
        },
        "HUMAN_to_ROBOT": {
          "count": 873,
          "rate": 0.07121298637735542
        }
      },
      "feasible": false
    },
    {
      "epoch": 151,
      "validation_loss": 0.2720276067654292,
      "mean_iou": 0.831832156340534,
      "macro_f1": 0.9039076758249527,
      "human_iou": 0.6529631984177439,
      "human_recall": 0.7540582429235664,
      "vehicle_recall": 0.8695905384822149,
      "robot_recall": 0.9330613758575932,
      "human_errors": {
        "HUMAN_to_UNKNOWN": {
          "count": 1890,
          "rate": 0.1541724447344808
        },
        "HUMAN_to_STATIC_OBSTACLE": {
          "count": 24,
          "rate": 0.0019577453299616607
        },
        "HUMAN_to_VEHICLE": {
          "count": 237,
          "rate": 0.0193327351333714
        },
        "HUMAN_to_ROBOT": {
          "count": 864,
          "rate": 0.0704788318786198
        }
      },
      "feasible": false
    }
  ]
}
