{
  "decision": "BLOCKED_OPTIMIZATION_CONVERGENCE",
  "epochs_executed": 50,
  "epoch_range": [
    146,
    195
  ],
  "learning_rate": 0.0002,
  "source_epoch": 145,
  "source_validation_metrics": {
    "pixel_accuracy": 0.9609479166666667,
    "mean_iou": 0.8330668903124894,
    "macro_f1": 0.9047759000884538,
    "per_class_iou": {
      "UNKNOWN": 0.9582148654192605,
      "STATIC_OBSTACLE": 0.9476808532045478,
      "HUMAN": 0.6554275145824442,
      "VEHICLE": 0.7961060032449973,
      "ROBOT": 0.8079052151111974
    },
    "per_class_precision": {
      "UNKNOWN": 0.9762872283971707,
      "STATIC_OBSTACLE": 0.9785567353045068,
      "HUMAN": 0.8366475982929266,
      "VEHICLE": 0.917749748213515,
      "ROBOT": 0.8640722916594537
    },
    "per_class_recall": {
      "UNKNOWN": 0.9810475873933037,
      "STATIC_OBSTACLE": 0.9677783942625814,
      "HUMAN": 0.7516110612611143,
      "VEHICLE": 0.857270853866141,
      "ROBOT": 0.9255330984609679
    },
    "prediction_class_fraction": {
      "UNKNOWN": 0.7164739583333334,
      "STATIC_OBSTACLE": 0.12533072916666665,
      "HUMAN": 0.0286796875,
      "VEHICLE": 0.054299479166666664,
      "ROBOT": 0.07521614583333333
    },
    "confusion_matrix": [
      [
        268602,
        878,
        1541,
        901,
        1869
      ],
      [
        1499,
        47095,
        0,
        0,
        69
      ],
      [
        2008,
        18,
        9214,
        201,
        818
      ],
      [
        1760,
        44,
        212,
        19136,
        1170
      ],
      [
        1257,
        92,
        46,
        613,
        24957
      ]
    ]
  },
  "best_records": {
    "best_human": {
      "epoch": 146,
      "validation_loss": 0.2665250549713771,
      "mean_iou": 0.8314213138212587,
      "macro_f1": 0.9036571092512972,
      "human_iou": 0.6530684140069049,
      "human_recall": 0.7560975609756098,
      "vehicle_recall": 0.8730400501747155,
      "robot_recall": 0.9365844613387725,
      "human_errors": {
        "HUMAN_to_UNKNOWN": {
          "count": 1798,
          "rate": 0.14666775430296108
        },
        "HUMAN_to_STATIC_OBSTACLE": {
          "count": 23,
          "rate": 0.001876172607879925
        },
        "HUMAN_to_VEHICLE": {
          "count": 234,
          "rate": 0.019088016967126194
        },
        "HUMAN_to_ROBOT": {
          "count": 935,
          "rate": 0.07627049514642303
        }
      },
      "feasible": false
    },
    "best_miou": {
      "epoch": 148,
      "validation_loss": 0.2702390154202779,
      "mean_iou": 0.8324555333023543,
      "macro_f1": 0.904334436115896,
      "human_iou": 0.6544939844302902,
      "human_recall": 0.7543845338118933,
      "vehicle_recall": 0.8701729235731566,
      "robot_recall": 0.931392545892824,
      "human_errors": {
        "HUMAN_to_UNKNOWN": {
          "count": 1896,
          "rate": 0.1546618810669712
        },
        "HUMAN_to_STATIC_OBSTACLE": {
          "count": 22,
          "rate": 0.0017945998857981892
        },
        "HUMAN_to_VEHICLE": {
          "count": 240,
          "rate": 0.019577453299616607
        },
        "HUMAN_to_ROBOT": {
          "count": 853,
          "rate": 0.0695815319357207
        }
      },
      "feasible": false
    },
    "best_feasible": null
  },
  "feasibility": {
    "feasible_epoch_count": 0,
    "feasible_epochs": [],
    "consecutive_feasible_runs": [],
    "stable_feasible_runs_at_least_3_epochs": [],
    "stable_feasible_interval_exists": false
  },
  "original_test_accessed": false,
  "new_audit_accessed": false
}
