{
  "status": "VALIDATION_FROZEN_BEFORE_TEST",
  "best_checkpoint_sha256": "6385b1bd1233d967ac2d4f0999d617fc18af97f3f5b24770a2959cc05ee7c4e7",
  "best_epoch": 100,
  "validation_metrics": {
    "pixel_accuracy": 0.9353541666666667,
    "mean_iou": 0.7556329340625794,
    "macro_f1": 0.8542219191971441,
    "per_class_iou": {
      "UNKNOWN": 0.9411238879830659,
      "STATIC_OBSTACLE": 0.8974230092601543,
      "HUMAN": 0.6731597148704919,
      "VEHICLE": 0.6377911541481288,
      "ROBOT": 0.6286669040510559
    },
    "per_class_precision": {
      "UNKNOWN": 0.978144614938663,
      "STATIC_OBSTACLE": 0.9380822471455996,
      "HUMAN": 0.8331586303284416,
      "VEHICLE": 0.7940327685719605,
      "ROBOT": 0.70630231413097
    },
    "per_class_recall": {
      "UNKNOWN": 0.9613391236381035,
      "STATIC_OBSTACLE": 0.9539280356739206,
      "HUMAN": 0.7780406232155967,
      "VEHICLE": 0.7642236358749216,
      "ROBOT": 0.8511774522529204
    },
    "prediction_class_fraction": {
      "UNKNOWN": 0.7007473958333333,
      "STATIC_OBSTACLE": 0.1288671875,
      "HUMAN": 0.0298125,
      "VEHICLE": 0.05594791666666667,
      "ROBOT": 0.084625
    },
    "unknown_rate": 0.7007473958333333,
    "confusion_matrix": [
      [
        263206,
        2926,
        1641,
        2070,
        3948
      ],
      [
        709,
        46421,
        6,
        0,
        1527
      ],
      [
        1347,
        12,
        9538,
        71,
        1291
      ],
      [
        2300,
        18,
        167,
        17059,
        2778
      ],
      [
        1525,
        108,
        96,
        2284,
        22952
      ]
    ],
    "nll": 0.18949051837650363,
    "brier_score": 0.0965380321261685,
    "ece": 0.009508208512173415,
    "calibration_curve": [
      {
        "lower": 0.2,
        "upper": 0.26666666666666666,
        "count": 14,
        "accuracy": 0.42857142857142855,
        "confidence": 0.25939807082925526
      },
      {
        "lower": 0.26666666666666666,
        "upper": 0.3333333333333333,
        "count": 450,
        "accuracy": 0.38,
        "confidence": 0.3133330716027154
      },
      {
        "lower": 0.3333333333333333,
        "upper": 0.4,
        "count": 2176,
        "accuracy": 0.38556985294117646,
        "confidence": 0.3719118965570541
      },
      {
        "lower": 0.4,
        "upper": 0.4666666666666667,
        "count": 3969,
        "accuracy": 0.4656084656084656,
        "confidence": 0.43600191397821914
      },
      {
        "lower": 0.4666666666666667,
        "upper": 0.5333333333333333,
        "count": 6074,
        "accuracy": 0.5309515969706947,
        "confidence": 0.5020592627328675
      },
      {
        "lower": 0.5333333333333333,
        "upper": 0.6,
        "count": 6785,
        "accuracy": 0.5703758290346352,
        "confidence": 0.5667661637177605
      },
      {
        "lower": 0.6,
        "upper": 0.6666666666666666,
        "count": 6744,
        "accuracy": 0.6247034400948992,
        "confidence": 0.6335037647617245
      },
      {
        "lower": 0.6666666666666666,
        "upper": 0.7333333333333333,
        "count": 7419,
        "accuracy": 0.6796064159590242,
        "confidence": 0.7003721249828218
      },
      {
        "lower": 0.7333333333333333,
        "upper": 0.8,
        "count": 8773,
        "accuracy": 0.7311068049697936,
        "confidence": 0.768074841540365
      },
      {
        "lower": 0.8,
        "upper": 0.8666666666666667,
        "count": 11474,
        "accuracy": 0.8018127941432804,
        "confidence": 0.8347862506548619
      },
      {
        "lower": 0.8666666666666667,
        "upper": 0.9333333333333333,
        "count": 17765,
        "accuracy": 0.8721080776808331,
        "confidence": 0.9035868587475108
      },
      {
        "lower": 0.9333333333333333,
        "upper": 1.0,
        "count": 312357,
        "accuracy": 0.9887884696036906,
        "confidence": 0.9945392068522296
      }
    ],
    "mean_confidence": 0.9428853945609492
  },
  "threshold_strategy": "U0_argmax_always",
  "probability_threshold": null,
  "entropy_threshold": null,
  "training_config_sha256": "1f8e13c1ceb7b6e3013c8f24fa1e082533e017164d7c43ac70436b1f5a0ea519",
  "dataset_manifest_sha256": "7402293f3a9824fadf53e94c38bffdd463040cb4b3ce5c7529554bf9f4356ec9",
  "checkpoint_reload_max_abs_difference": 0.0
}
