{
  "final": {
    "pixel_accuracy": 0.8394765625,
    "mean_iou": 0.42059370122551815,
    "macro_f1": 0.5215408983732286,
    "per_class_iou": {
      "UNKNOWN": 0.9011180007515971,
      "STATIC_OBSTACLE": 0.6554649123656904,
      "HUMAN": 0.2921427522396828,
      "VEHICLE": 0.014977335389504182,
      "ROBOT": 0.23926550538111616
    },
    "per_class_recall": {
      "UNKNOWN": 0.9535208217203438,
      "STATIC_OBSTACLE": 0.754658575627604,
      "HUMAN": 0.8047739455851117,
      "VEHICLE": 0.01589762031720837,
      "ROBOT": 0.38809626171027506
    },
    "prediction_class_fraction": {
      "UNKNOWN": 0.7420338541666667,
      "STATIC_OBSTACLE": 0.10575390625,
      "HUMAN": 0.08237565104166666,
      "VEHICLE": 0.004060546875,
      "ROBOT": 0.06577604166666666
    },
    "confusion_matrix": [
      [
        1074248,
        8202,
        26594,
        2299,
        15269
      ],
      [
        11010,
        135305,
        11596,
        1706,
        19676
      ],
      [
        7031,
        48,
        39784,
        59,
        2513
      ],
      [
        22395,
        7393,
        24814,
        1282,
        24757
      ],
      [
        25080,
        11490,
        23741,
        891,
        38817
      ]
    ]
  },
  "best_validation_epoch_train_metrics": {
    "pixel_accuracy": 0.844416015625,
    "mean_iou": 0.4097534574317761,
    "macro_f1": 0.5144817098432434,
    "per_class_iou": {
      "UNKNOWN": 0.9044668974097654,
      "STATIC_OBSTACLE": 0.5544322015902603,
      "HUMAN": 0.37332719055767627,
      "VEHICLE": 0.015911641367905027,
      "ROBOT": 0.20062935623327355
    },
    "per_class_recall": {
      "UNKNOWN": 0.9704876212928675,
      "STATIC_OBSTACLE": 0.7863720279096228,
      "HUMAN": 0.6884595934054819,
      "VEHICLE": 0.016703661908954504,
      "ROBOT": 0.27282816264909665
    },
    "prediction_class_fraction": {
      "UNKNOWN": 0.7653639322916667,
      "STATIC_OBSTACLE": 0.14062239583333333,
      "HUMAN": 0.04932486979166667,
      "VEHICLE": 0.003490234375,
      "ROBOT": 0.041198567708333335
    },
    "confusion_matrix": [
      [
        1093363,
        13415,
        12083,
        1515,
        6236
      ],
      [
        20904,
        140991,
        7628,
        915,
        8855
      ],
      [
        8920,
        2339,
        34034,
        504,
        3638
      ],
      [
        24858,
        26549,
        10623,
        1347,
        17264
      ],
      [
        27554,
        32702,
        11395,
        1080,
        27288
      ]
    ]
  },
  "first_positive_recall_epoch": {
    "HUMAN": 37,
    "VEHICLE": 43,
    "ROBOT": 27
  }
}
