{
  "final": {
    "pixel_accuracy": 0.8137864583333333,
    "mean_iou": 0.3852267862975237,
    "macro_f1": 0.48730922145938643,
    "per_class_iou": {
      "UNKNOWN": 0.8757523818450846,
      "STATIC_OBSTACLE": 0.5836527929901424,
      "HUMAN": 0.24752104770813846,
      "VEHICLE": 0.01527396153224503,
      "ROBOT": 0.2039337474120083
    },
    "per_class_recall": {
      "UNKNOWN": 0.9554842927634583,
      "STATIC_OBSTACLE": 0.7008199247888539,
      "HUMAN": 0.6475242678848193,
      "VEHICLE": 0.016933966490457843,
      "ROBOT": 0.3141479695902095
    },
    "prediction_class_fraction": {
      "UNKNOWN": 0.746171875,
      "STATIC_OBSTACLE": 0.11425260416666666,
      "HUMAN": 0.07226302083333333,
      "VEHICLE": 0.007302083333333333,
      "ROBOT": 0.06001041666666666
    },
    "confusion_matrix": [
      [
        261603,
        3674,
        5233,
        1316,
        1965
      ],
      [
        4836,
        34104,
        2856,
        736,
        6131
      ],
      [
        3404,
        13,
        7938,
        26,
        878
      ],
      [
        7473,
        3740,
        5132,
        378,
        5599
      ],
      [
        9214,
        2342,
        6590,
        348,
        8471
      ]
    ]
  },
  "diagnostic_best_epoch": 49,
  "best": {
    "pixel_accuracy": 0.826875,
    "mean_iou": 0.39348509967548606,
    "macro_f1": 0.4991346763648468,
    "per_class_iou": {
      "UNKNOWN": 0.8906260908302112,
      "STATIC_OBSTACLE": 0.5019474196689386,
      "HUMAN": 0.3739060049577579,
      "VEHICLE": 0.010670153093500907,
      "ROBOT": 0.19027582982702199
    },
    "per_class_recall": {
      "UNKNOWN": 0.9784945451092256,
      "STATIC_OBSTACLE": 0.7203419435710909,
      "HUMAN": 0.6029039889061097,
      "VEHICLE": 0.011334109846787923,
      "ROBOT": 0.25659187836083813
    },
    "prediction_class_fraction": {
      "UNKNOWN": 0.7680078125,
      "STATIC_OBSTACLE": 0.14642447916666668,
      "HUMAN": 0.038799479166666664,
      "VEHICLE": 0.004276041666666667,
      "ROBOT": 0.0424921875
    },
    "confusion_matrix": [
      [
        267903,
        2871,
        1722,
        375,
        920
      ],
      [
        7992,
        35054,
        1194,
        453,
        3970
      ],
      [
        3273,
        395,
        7391,
        77,
        1123
      ],
      [
        7374,
        8777,
        2533,
        253,
        3385
      ],
      [
        8373,
        9130,
        2059,
        484,
        6919
      ]
    ]
  },
  "first_positive_recall_epoch": {
    "HUMAN": 38,
    "VEHICLE": 45,
    "ROBOT": 28
  }
}
