{
  "best_epoch": 20,
  "best_validation_loss": 0.024350964898864427,
  "parameter_count": 17634,
  "device": "cpu",
  "torch_version": "2.8.0+cu128",
  "overfit_gate": {
    "initial_loss": 2.0446207523345947,
    "final_loss": 0.011332616209983826,
    "loss_ratio": 0.005542649509472104
  },
  "epochs_ran": 20
}
