{
  "initial_loss": 2.0446207523345947,
  "final_loss": 0.011332616209983826,
  "loss_ratio": 0.005542649509472104
}
