{
  "empty_world": {
    "child_frame_id": "base_link",
    "duplicate_count": 0,
    "effective_frequency_hz": 50.000000000000014,
    "finite": true,
    "first_timestamp_s": 5.28,
    "frame_id": "odom",
    "last_timestamp_s": 5.66,
    "maximum_interval_s": 0.020000000000000462,
    "mean_interval_s": 0.019999999999999993,
    "minimum_interval_s": 0.019999999999999574,
    "monotonic": true,
    "negative_jump_count": 0,
    "p50_interval_s": 0.019999999999999574,
    "p95_interval_s": 0.020000000000000462,
    "sample_count": 20
  },
  "human_path_center": {
    "child_frame_id": "base_link",
    "duplicate_count": 0,
    "effective_frequency_hz": 50.000000000000014,
    "finite": true,
    "first_timestamp_s": 5.38,
    "frame_id": "odom",
    "last_timestamp_s": 5.76,
    "maximum_interval_s": 0.020000000000000462,
    "mean_interval_s": 0.019999999999999993,
    "minimum_interval_s": 0.019999999999999574,
    "monotonic": true,
    "negative_jump_count": 0,
    "p50_interval_s": 0.019999999999999574,
    "p95_interval_s": 0.020000000000000462,
    "sample_count": 20
  },
  "human_path_side": {
    "child_frame_id": "base_link",
    "duplicate_count": 0,
    "effective_frequency_hz": 49.99999999999996,
    "finite": true,
    "first_timestamp_s": 5.38,
    "frame_id": "odom",
    "last_timestamp_s": 5.78,
    "maximum_interval_s": 0.020000000000000462,
    "mean_interval_s": 0.020000000000000018,
    "minimum_interval_s": 0.019999999999999574,
    "monotonic": true,
    "negative_jump_count": 0,
    "p50_interval_s": 0.020000000000000018,
    "p95_interval_s": 0.020000000000000462,
    "sample_count": 21
  },
  "initial_collision": {
    "child_frame_id": "base_link",
    "duplicate_count": 0,
    "effective_frequency_hz": 49.99999999999996,
    "finite": true,
    "first_timestamp_s": 5.38,
    "frame_id": "odom",
    "last_timestamp_s": 5.78,
    "maximum_interval_s": 0.020000000000000462,
    "mean_interval_s": 0.020000000000000018,
    "minimum_interval_s": 0.019999999999999574,
    "monotonic": true,
    "negative_jump_count": 0,
    "p50_interval_s": 0.020000000000000018,
    "p95_interval_s": 0.020000000000000462,
    "sample_count": 21
  },
  "narrow_passage": {
    "child_frame_id": "base_link",
    "duplicate_count": 0,
    "effective_frequency_hz": 50.000000000000014,
    "finite": true,
    "first_timestamp_s": 5.38,
    "frame_id": "odom",
    "last_timestamp_s": 5.76,
    "maximum_interval_s": 0.020000000000000462,
    "mean_interval_s": 0.019999999999999993,
    "minimum_interval_s": 0.019999999999999574,
    "monotonic": true,
    "negative_jump_count": 0,
    "p50_interval_s": 0.019999999999999574,
    "p95_interval_s": 0.020000000000000462,
    "sample_count": 20
  },
  "outdated_rgb_contract": {
    "child_frame_id": "base_link",
    "duplicate_count": 0,
    "effective_frequency_hz": 50.000000000000014,
    "finite": true,
    "first_timestamp_s": 5.48,
    "frame_id": "odom",
    "last_timestamp_s": 5.86,
    "maximum_interval_s": 0.020000000000000462,
    "mean_interval_s": 0.019999999999999993,
    "minimum_interval_s": 0.019999999999999574,
    "monotonic": true,
    "negative_jump_count": 0,
    "p50_interval_s": 0.019999999999999574,
    "p95_interval_s": 0.020000000000000462,
    "sample_count": 20
  },
  "rgb_dropout_contract": {
    "child_frame_id": "base_link",
    "duplicate_count": 0,
    "effective_frequency_hz": 50.000000000000014,
    "finite": true,
    "first_timestamp_s": 5.28,
    "frame_id": "odom",
    "last_timestamp_s": 5.66,
    "maximum_interval_s": 0.020000000000000462,
    "mean_interval_s": 0.019999999999999993,
    "minimum_interval_s": 0.019999999999999574,
    "monotonic": true,
    "negative_jump_count": 0,
    "p50_interval_s": 0.019999999999999574,
    "p95_interval_s": 0.020000000000000462,
    "sample_count": 20
  },
  "robot_obstacle": {
    "child_frame_id": "base_link",
    "duplicate_count": 0,
    "effective_frequency_hz": 50.000000000000014,
    "finite": true,
    "first_timestamp_s": 5.38,
    "frame_id": "odom",
    "last_timestamp_s": 5.76,
    "maximum_interval_s": 0.020000000000000462,
    "mean_interval_s": 0.019999999999999993,
    "minimum_interval_s": 0.019999999999999574,
    "monotonic": true,
    "negative_jump_count": 0,
    "p50_interval_s": 0.019999999999999574,
    "p95_interval_s": 0.020000000000000462,
    "sample_count": 20
  },
  "semantic_infeasible": {
    "child_frame_id": "base_link",
    "duplicate_count": 0,
    "effective_frequency_hz": 50.000000000000014,
    "finite": true,
    "first_timestamp_s": 5.28,
    "frame_id": "odom",
    "last_timestamp_s": 5.66,
    "maximum_interval_s": 0.020000000000000462,
    "mean_interval_s": 0.019999999999999993,
    "minimum_interval_s": 0.019999999999999574,
    "monotonic": true,
    "negative_jump_count": 0,
    "p50_interval_s": 0.019999999999999574,
    "p95_interval_s": 0.020000000000000462,
    "sample_count": 20
  },
  "single_static_obstacle": {
    "child_frame_id": "base_link",
    "duplicate_count": 0,
    "effective_frequency_hz": 49.99999999999996,
    "finite": true,
    "first_timestamp_s": 5.38,
    "frame_id": "odom",
    "last_timestamp_s": 5.78,
    "maximum_interval_s": 0.020000000000000462,
    "mean_interval_s": 0.020000000000000018,
    "minimum_interval_s": 0.019999999999999574,
    "monotonic": true,
    "negative_jump_count": 0,
    "p50_interval_s": 0.020000000000000018,
    "p95_interval_s": 0.020000000000000462,
    "sample_count": 21
  },
  "static_corridor": {
    "child_frame_id": "base_link",
    "duplicate_count": 0,
    "effective_frequency_hz": 50.00000000000001,
    "finite": true,
    "first_timestamp_s": 5.38,
    "frame_id": "odom",
    "last_timestamp_s": 5.8,
    "maximum_interval_s": 0.020000000000000462,
    "mean_interval_s": 0.019999999999999997,
    "minimum_interval_s": 0.019999999999999574,
    "monotonic": true,
    "negative_jump_count": 0,
    "p50_interval_s": 0.019999999999999574,
    "p95_interval_s": 0.020000000000000462,
    "sample_count": 22
  },
  "vehicle_path": {
    "child_frame_id": "base_link",
    "duplicate_count": 0,
    "effective_frequency_hz": 50.000000000000014,
    "finite": true,
    "first_timestamp_s": 5.28,
    "frame_id": "odom",
    "last_timestamp_s": 5.66,
    "maximum_interval_s": 0.020000000000000462,
    "mean_interval_s": 0.019999999999999993,
    "minimum_interval_s": 0.019999999999999574,
    "monotonic": true,
    "negative_jump_count": 0,
    "p50_interval_s": 0.019999999999999574,
    "p95_interval_s": 0.020000000000000462,
    "sample_count": 20
  }
}
