{
  "empty_world": {
    "duplicate_count": 0,
    "effective_frequency_hz": 10.405257393209203,
    "first_timestamp_s": 2.774,
    "last_timestamp_s": 4.6,
    "maximum_interval_s": 0.10000000000000053,
    "mean_interval_s": 0.09610526315789472,
    "minimum_finite_range_m": null,
    "minimum_interval_s": 0.0259999999999998,
    "monotonic": true,
    "negative_jump_count": 0,
    "p50_interval_s": 0.10000000000000009,
    "p95_interval_s": 0.10000000000000053,
    "sample_count": 20,
    "samples_per_message": 181
  },
  "human_path_center": {
    "duplicate_count": 0,
    "effective_frequency_hz": 10.07423117709438,
    "first_timestamp_s": 2.814,
    "last_timestamp_s": 4.7,
    "maximum_interval_s": 0.10000000000000053,
    "mean_interval_s": 0.09926315789473684,
    "minimum_finite_range_m": 1.1509560346603394,
    "minimum_interval_s": 0.08599999999999985,
    "monotonic": true,
    "negative_jump_count": 0,
    "p50_interval_s": 0.10000000000000009,
    "p95_interval_s": 0.10000000000000053,
    "sample_count": 20,
    "samples_per_message": 181
  },
  "human_path_side": {
    "duplicate_count": 0,
    "effective_frequency_hz": 10.182207931404072,
    "first_timestamp_s": 2.834,
    "last_timestamp_s": 4.7,
    "maximum_interval_s": 0.10000000000000053,
    "mean_interval_s": 0.09821052631578948,
    "minimum_finite_range_m": 1.1906579732894897,
    "minimum_interval_s": 0.06599999999999984,
    "monotonic": true,
    "negative_jump_count": 0,
    "p50_interval_s": 0.10000000000000009,
    "p95_interval_s": 0.10000000000000053,
    "sample_count": 20,
    "samples_per_message": 181
  },
  "initial_collision": {
    "duplicate_count": 0,
    "effective_frequency_hz": 10.111761575306014,
    "first_timestamp_s": 2.821,
    "last_timestamp_s": 4.7,
    "maximum_interval_s": 0.10000000000000053,
    "mean_interval_s": 0.09889473684210526,
    "minimum_finite_range_m": 0.21299782395362854,
    "minimum_interval_s": 0.07899999999999974,
    "monotonic": true,
    "negative_jump_count": 0,
    "p50_interval_s": 0.10000000000000009,
    "p95_interval_s": 0.10000000000000053,
    "sample_count": 20,
    "samples_per_message": 181
  },
  "narrow_passage": {
    "duplicate_count": 0,
    "effective_frequency_hz": 10.106382978723405,
    "first_timestamp_s": 2.8200000000000003,
    "last_timestamp_s": 4.7,
    "maximum_interval_s": 0.10000000000000053,
    "mean_interval_s": 0.09894736842105263,
    "minimum_finite_range_m": 0.5100311040878296,
    "minimum_interval_s": 0.07999999999999963,
    "monotonic": true,
    "negative_jump_count": 0,
    "p50_interval_s": 0.10000000000000009,
    "p95_interval_s": 0.10000000000000053,
    "sample_count": 20,
    "samples_per_message": 181
  },
  "outdated_rgb_contract": {
    "duplicate_count": 0,
    "effective_frequency_hz": 10.16586409844837,
    "first_timestamp_s": 2.931,
    "last_timestamp_s": 4.8,
    "maximum_interval_s": 0.10000000000000053,
    "mean_interval_s": 0.09836842105263156,
    "minimum_finite_range_m": 1.1509560346603394,
    "minimum_interval_s": 0.06899999999999995,
    "monotonic": true,
    "negative_jump_count": 0,
    "p50_interval_s": 0.10000000000000009,
    "p95_interval_s": 0.10000000000000053,
    "sample_count": 20,
    "samples_per_message": 181
  },
  "rgb_dropout_contract": {
    "duplicate_count": 0,
    "effective_frequency_hz": 10.520487264673314,
    "first_timestamp_s": 2.794,
    "last_timestamp_s": 4.6,
    "maximum_interval_s": 0.10000000000000053,
    "mean_interval_s": 0.09505263157894735,
    "minimum_finite_range_m": 1.1509560346603394,
    "minimum_interval_s": 0.005999999999999783,
    "monotonic": true,
    "negative_jump_count": 0,
    "p50_interval_s": 0.10000000000000009,
    "p95_interval_s": 0.10000000000000053,
    "sample_count": 20,
    "samples_per_message": 181
  },
  "robot_obstacle": {
    "duplicate_count": 0,
    "effective_frequency_hz": 10.09028146574615,
    "first_timestamp_s": 2.817,
    "last_timestamp_s": 4.7,
    "maximum_interval_s": 0.10000000000000053,
    "mean_interval_s": 0.09910526315789474,
    "minimum_finite_range_m": 1.2000733613967896,
    "minimum_interval_s": 0.08299999999999974,
    "monotonic": true,
    "negative_jump_count": 0,
    "p50_interval_s": 0.10000000000000009,
    "p95_interval_s": 0.10000000000000053,
    "sample_count": 20,
    "samples_per_message": 181
  },
  "semantic_infeasible": {
    "duplicate_count": 0,
    "effective_frequency_hz": 10.53799223516362,
    "first_timestamp_s": 2.797,
    "last_timestamp_s": 4.6,
    "maximum_interval_s": 0.10000000000000053,
    "mean_interval_s": 0.09489473684210524,
    "minimum_finite_range_m": 1.1509560346603394,
    "minimum_interval_s": 0.0029999999999996696,
    "monotonic": true,
    "negative_jump_count": 0,
    "p50_interval_s": 0.10000000000000009,
    "p95_interval_s": 0.10000000000000053,
    "sample_count": 20,
    "samples_per_message": 181
  },
  "single_static_obstacle": {
    "duplicate_count": 0,
    "effective_frequency_hz": 10.410958904109588,
    "first_timestamp_s": 2.875,
    "last_timestamp_s": 4.7,
    "maximum_interval_s": 0.10000000000000053,
    "mean_interval_s": 0.09605263157894738,
    "minimum_finite_range_m": 1.1509559154510498,
    "minimum_interval_s": 0.02499999999999991,
    "monotonic": true,
    "negative_jump_count": 0,
    "p50_interval_s": 0.10000000000000009,
    "p95_interval_s": 0.10000000000000053,
    "sample_count": 20,
    "samples_per_message": 181
  },
  "static_corridor": {
    "duplicate_count": 0,
    "effective_frequency_hz": 10.095642933049946,
    "first_timestamp_s": 2.818,
    "last_timestamp_s": 4.7,
    "maximum_interval_s": 0.10000000000000053,
    "mean_interval_s": 0.09905263157894738,
    "minimum_finite_range_m": 0.625038206577301,
    "minimum_interval_s": 0.08199999999999985,
    "monotonic": true,
    "negative_jump_count": 0,
    "p50_interval_s": 0.10000000000000009,
    "p95_interval_s": 0.10000000000000053,
    "sample_count": 20,
    "samples_per_message": 181
  },
  "vehicle_path": {
    "duplicate_count": 0,
    "effective_frequency_hz": 10.497237569060776,
    "first_timestamp_s": 2.79,
    "last_timestamp_s": 4.6,
    "maximum_interval_s": 0.10000000000000053,
    "mean_interval_s": 0.09526315789473683,
    "minimum_finite_range_m": 1.1000672578811646,
    "minimum_interval_s": 0.009999999999999787,
    "monotonic": true,
    "negative_jump_count": 0,
    "p50_interval_s": 0.10000000000000009,
    "p95_interval_s": 0.10000000000000053,
    "sample_count": 20,
    "samples_per_message": 181
  }
}
