{
  "empty_world": {
    "cx": 160.0,
    "cy": 120.0,
    "duplicate_count": 0,
    "effective_frequency_hz": 10.000000000000014,
    "first_timestamp_s": 4.7,
    "fx": 179.99998092651367,
    "fy": 179.99998569488525,
    "height": 240,
    "last_timestamp_s": 5.1,
    "maximum_interval_s": 0.10000000000000053,
    "mean_interval_s": 0.09999999999999987,
    "minimum_interval_s": 0.09999999999999964,
    "monotonic": true,
    "negative_jump_count": 0,
    "nonempty": true,
    "p50_interval_s": 0.09999999999999964,
    "p95_interval_s": 0.1000000000000004,
    "sample_count": 5,
    "width": 320
  },
  "human_path_center": {
    "cx": 160.0,
    "cy": 120.0,
    "duplicate_count": 0,
    "effective_frequency_hz": 9.999999999999991,
    "first_timestamp_s": 4.8,
    "fx": 179.99998092651367,
    "fy": 179.99998569488525,
    "height": 240,
    "last_timestamp_s": 5.2,
    "maximum_interval_s": 0.10000000000000053,
    "mean_interval_s": 0.10000000000000009,
    "minimum_interval_s": 0.09999999999999964,
    "monotonic": true,
    "negative_jump_count": 0,
    "nonempty": true,
    "p50_interval_s": 0.10000000000000009,
    "p95_interval_s": 0.10000000000000053,
    "sample_count": 5,
    "width": 320
  },
  "human_path_side": {
    "cx": 160.0,
    "cy": 120.0,
    "duplicate_count": 0,
    "effective_frequency_hz": 9.999999999999991,
    "first_timestamp_s": 4.8,
    "fx": 179.99998092651367,
    "fy": 179.99998569488525,
    "height": 240,
    "last_timestamp_s": 5.2,
    "maximum_interval_s": 0.10000000000000053,
    "mean_interval_s": 0.10000000000000009,
    "minimum_interval_s": 0.09999999999999964,
    "monotonic": true,
    "negative_jump_count": 0,
    "nonempty": true,
    "p50_interval_s": 0.10000000000000009,
    "p95_interval_s": 0.10000000000000053,
    "sample_count": 5,
    "width": 320
  },
  "initial_collision": {
    "cx": 160.0,
    "cy": 120.0,
    "duplicate_count": 0,
    "effective_frequency_hz": 9.999999999999991,
    "first_timestamp_s": 4.8,
    "fx": 179.99998092651367,
    "fy": 179.99998569488525,
    "height": 240,
    "last_timestamp_s": 5.2,
    "maximum_interval_s": 0.10000000000000053,
    "mean_interval_s": 0.10000000000000009,
    "minimum_interval_s": 0.09999999999999964,
    "monotonic": true,
    "negative_jump_count": 0,
    "nonempty": true,
    "p50_interval_s": 0.10000000000000009,
    "p95_interval_s": 0.10000000000000053,
    "sample_count": 5,
    "width": 320
  },
  "narrow_passage": {
    "cx": 160.0,
    "cy": 120.0,
    "duplicate_count": 0,
    "effective_frequency_hz": 9.999999999999991,
    "first_timestamp_s": 4.8,
    "fx": 179.99998092651367,
    "fy": 179.99998569488525,
    "height": 240,
    "last_timestamp_s": 5.2,
    "maximum_interval_s": 0.10000000000000053,
    "mean_interval_s": 0.10000000000000009,
    "minimum_interval_s": 0.09999999999999964,
    "monotonic": true,
    "negative_jump_count": 0,
    "nonempty": true,
    "p50_interval_s": 0.10000000000000009,
    "p95_interval_s": 0.10000000000000053,
    "sample_count": 5,
    "width": 320
  },
  "outdated_rgb_contract": {
    "cx": 160.0,
    "cy": 120.0,
    "duplicate_count": 0,
    "effective_frequency_hz": 10.000000000000014,
    "first_timestamp_s": 4.9,
    "fx": 179.99998092651367,
    "fy": 179.99998569488525,
    "height": 240,
    "last_timestamp_s": 5.3,
    "maximum_interval_s": 0.10000000000000053,
    "mean_interval_s": 0.09999999999999987,
    "minimum_interval_s": 0.09999999999999964,
    "monotonic": true,
    "negative_jump_count": 0,
    "nonempty": true,
    "p50_interval_s": 0.09999999999999964,
    "p95_interval_s": 0.1000000000000004,
    "sample_count": 5,
    "width": 320
  },
  "rgb_dropout_contract": {
    "cx": 160.0,
    "cy": 120.0,
    "duplicate_count": 0,
    "effective_frequency_hz": 10.000000000000014,
    "first_timestamp_s": 4.7,
    "fx": 179.99998092651367,
    "fy": 179.99998569488525,
    "height": 240,
    "last_timestamp_s": 5.1,
    "maximum_interval_s": 0.10000000000000053,
    "mean_interval_s": 0.09999999999999987,
    "minimum_interval_s": 0.09999999999999964,
    "monotonic": true,
    "negative_jump_count": 0,
    "nonempty": true,
    "p50_interval_s": 0.09999999999999964,
    "p95_interval_s": 0.1000000000000004,
    "sample_count": 5,
    "width": 320
  },
  "robot_obstacle": {
    "cx": 160.0,
    "cy": 120.0,
    "duplicate_count": 0,
    "effective_frequency_hz": 9.999999999999991,
    "first_timestamp_s": 4.8,
    "fx": 179.99998092651367,
    "fy": 179.99998569488525,
    "height": 240,
    "last_timestamp_s": 5.2,
    "maximum_interval_s": 0.10000000000000053,
    "mean_interval_s": 0.10000000000000009,
    "minimum_interval_s": 0.09999999999999964,
    "monotonic": true,
    "negative_jump_count": 0,
    "nonempty": true,
    "p50_interval_s": 0.10000000000000009,
    "p95_interval_s": 0.10000000000000053,
    "sample_count": 5,
    "width": 320
  },
  "semantic_infeasible": {
    "cx": 160.0,
    "cy": 120.0,
    "duplicate_count": 0,
    "effective_frequency_hz": 10.000000000000014,
    "first_timestamp_s": 4.7,
    "fx": 179.99998092651367,
    "fy": 179.99998569488525,
    "height": 240,
    "last_timestamp_s": 5.1,
    "maximum_interval_s": 0.10000000000000053,
    "mean_interval_s": 0.09999999999999987,
    "minimum_interval_s": 0.09999999999999964,
    "monotonic": true,
    "negative_jump_count": 0,
    "nonempty": true,
    "p50_interval_s": 0.09999999999999964,
    "p95_interval_s": 0.1000000000000004,
    "sample_count": 5,
    "width": 320
  },
  "single_static_obstacle": {
    "cx": 160.0,
    "cy": 120.0,
    "duplicate_count": 0,
    "effective_frequency_hz": 9.999999999999991,
    "first_timestamp_s": 4.8,
    "fx": 179.99998092651367,
    "fy": 179.99998569488525,
    "height": 240,
    "last_timestamp_s": 5.2,
    "maximum_interval_s": 0.10000000000000053,
    "mean_interval_s": 0.10000000000000009,
    "minimum_interval_s": 0.09999999999999964,
    "monotonic": true,
    "negative_jump_count": 0,
    "nonempty": true,
    "p50_interval_s": 0.10000000000000009,
    "p95_interval_s": 0.10000000000000053,
    "sample_count": 5,
    "width": 320
  },
  "static_corridor": {
    "cx": 160.0,
    "cy": 120.0,
    "duplicate_count": 0,
    "effective_frequency_hz": 9.999999999999991,
    "first_timestamp_s": 4.8,
    "fx": 179.99998092651367,
    "fy": 179.99998569488525,
    "height": 240,
    "last_timestamp_s": 5.2,
    "maximum_interval_s": 0.10000000000000053,
    "mean_interval_s": 0.10000000000000009,
    "minimum_interval_s": 0.09999999999999964,
    "monotonic": true,
    "negative_jump_count": 0,
    "nonempty": true,
    "p50_interval_s": 0.10000000000000009,
    "p95_interval_s": 0.10000000000000053,
    "sample_count": 5,
    "width": 320
  },
  "vehicle_path": {
    "cx": 160.0,
    "cy": 120.0,
    "duplicate_count": 0,
    "effective_frequency_hz": 10.000000000000014,
    "first_timestamp_s": 4.7,
    "fx": 179.99998092651367,
    "fy": 179.99998569488525,
    "height": 240,
    "last_timestamp_s": 5.1,
    "maximum_interval_s": 0.10000000000000053,
    "mean_interval_s": 0.09999999999999987,
    "minimum_interval_s": 0.09999999999999964,
    "monotonic": true,
    "negative_jump_count": 0,
    "nonempty": true,
    "p50_interval_s": 0.09999999999999964,
    "p95_interval_s": 0.1000000000000004,
    "sample_count": 5,
    "width": 320
  }
}
