{
  "records": {
    "empty_world": {
      "duplicate_count": 0,
      "effective_frequency_hz": 999.9999999999933,
      "first_timestamp_s": 5.734,
      "last_timestamp_s": 5.753,
      "maximum_interval_s": 0.001000000000000334,
      "mean_interval_s": 0.0010000000000000067,
      "minimum_interval_s": 0.0009999999999994458,
      "monotonic": true,
      "negative_jump_count": 0,
      "p50_interval_s": 0.001000000000000334,
      "p95_interval_s": 0.001000000000000334,
      "sample_count": 20
    },
    "human_path_center": {
      "duplicate_count": 0,
      "effective_frequency_hz": 999.9999999999933,
      "first_timestamp_s": 5.92,
      "last_timestamp_s": 5.939,
      "maximum_interval_s": 0.001000000000000334,
      "mean_interval_s": 0.0010000000000000067,
      "minimum_interval_s": 0.0009999999999994458,
      "monotonic": true,
      "negative_jump_count": 0,
      "p50_interval_s": 0.001000000000000334,
      "p95_interval_s": 0.001000000000000334,
      "sample_count": 20
    },
    "human_path_side": {
      "duplicate_count": 0,
      "effective_frequency_hz": 999.9999999999933,
      "first_timestamp_s": 5.929,
      "last_timestamp_s": 5.948,
      "maximum_interval_s": 0.001000000000000334,
      "mean_interval_s": 0.0010000000000000067,
      "minimum_interval_s": 0.0009999999999994458,
      "monotonic": true,
      "negative_jump_count": 0,
      "p50_interval_s": 0.001000000000000334,
      "p95_interval_s": 0.001000000000000334,
      "sample_count": 20
    },
    "initial_collision": {
      "duplicate_count": 0,
      "effective_frequency_hz": 999.9999999999933,
      "first_timestamp_s": 5.913,
      "last_timestamp_s": 5.932,
      "maximum_interval_s": 0.001000000000000334,
      "mean_interval_s": 0.0010000000000000067,
      "minimum_interval_s": 0.0009999999999994458,
      "monotonic": true,
      "negative_jump_count": 0,
      "p50_interval_s": 0.001000000000000334,
      "p95_interval_s": 0.001000000000000334,
      "sample_count": 20
    },
    "narrow_passage": {
      "duplicate_count": 0,
      "effective_frequency_hz": 999.9999999999933,
      "first_timestamp_s": 5.918,
      "last_timestamp_s": 5.937,
      "maximum_interval_s": 0.001000000000000334,
      "mean_interval_s": 0.0010000000000000067,
      "minimum_interval_s": 0.0009999999999994458,
      "monotonic": true,
      "negative_jump_count": 0,
      "p50_interval_s": 0.001000000000000334,
      "p95_interval_s": 0.001000000000000334,
      "sample_count": 20
    },
    "outdated_rgb_contract": {
      "duplicate_count": 0,
      "effective_frequency_hz": 999.9999999999933,
      "first_timestamp_s": 5.934,
      "last_timestamp_s": 5.953,
      "maximum_interval_s": 0.001000000000000334,
      "mean_interval_s": 0.0010000000000000067,
      "minimum_interval_s": 0.0009999999999994458,
      "monotonic": true,
      "negative_jump_count": 0,
      "p50_interval_s": 0.001000000000000334,
      "p95_interval_s": 0.001000000000000334,
      "sample_count": 20
    },
    "rgb_dropout_contract": {
      "duplicate_count": 0,
      "effective_frequency_hz": 999.999999999977,
      "first_timestamp_s": 5.731,
      "last_timestamp_s": 5.751,
      "maximum_interval_s": 0.001000000000000334,
      "mean_interval_s": 0.001000000000000023,
      "minimum_interval_s": 0.0009999999999994458,
      "monotonic": true,
      "negative_jump_count": 0,
      "p50_interval_s": 0.001000000000000334,
      "p95_interval_s": 0.001000000000000334,
      "sample_count": 21
    },
    "robot_obstacle": {
      "duplicate_count": 0,
      "effective_frequency_hz": 999.9999999999933,
      "first_timestamp_s": 5.918,
      "last_timestamp_s": 5.937,
      "maximum_interval_s": 0.001000000000000334,
      "mean_interval_s": 0.0010000000000000067,
      "minimum_interval_s": 0.0009999999999994458,
      "monotonic": true,
      "negative_jump_count": 0,
      "p50_interval_s": 0.001000000000000334,
      "p95_interval_s": 0.001000000000000334,
      "sample_count": 20
    },
    "semantic_infeasible": {
      "duplicate_count": 0,
      "effective_frequency_hz": 1000.0000000000043,
      "first_timestamp_s": 5.734,
      "last_timestamp_s": 5.755,
      "maximum_interval_s": 0.001000000000000334,
      "mean_interval_s": 0.0009999999999999957,
      "minimum_interval_s": 0.0009999999999994458,
      "monotonic": true,
      "negative_jump_count": 0,
      "p50_interval_s": 0.001000000000000334,
      "p95_interval_s": 0.001000000000000334,
      "sample_count": 22
    },
    "single_static_obstacle": {
      "duplicate_count": 0,
      "effective_frequency_hz": 1000.0000000000401,
      "first_timestamp_s": 5.9350000000000005,
      "last_timestamp_s": 5.954,
      "maximum_interval_s": 0.001000000000000334,
      "mean_interval_s": 0.00099999999999996,
      "minimum_interval_s": 0.0009999999999994458,
      "monotonic": true,
      "negative_jump_count": 0,
      "p50_interval_s": 0.001000000000000334,
      "p95_interval_s": 0.001000000000000334,
      "sample_count": 20
    },
    "static_corridor": {
      "duplicate_count": 0,
      "effective_frequency_hz": 1000.0000000000401,
      "first_timestamp_s": 5.9190000000000005,
      "last_timestamp_s": 5.938,
      "maximum_interval_s": 0.001000000000000334,
      "mean_interval_s": 0.00099999999999996,
      "minimum_interval_s": 0.0009999999999994458,
      "monotonic": true,
      "negative_jump_count": 0,
      "p50_interval_s": 0.001000000000000334,
      "p95_interval_s": 0.001000000000000334,
      "sample_count": 20
    },
    "vehicle_path": {
      "duplicate_count": 0,
      "effective_frequency_hz": 1000.0000000000401,
      "first_timestamp_s": 5.735,
      "last_timestamp_s": 5.754,
      "maximum_interval_s": 0.001000000000000334,
      "mean_interval_s": 0.00099999999999996,
      "minimum_interval_s": 0.0009999999999994458,
      "monotonic": true,
      "negative_jump_count": 0,
      "p50_interval_s": 0.001000000000000334,
      "p95_interval_s": 0.001000000000000334,
      "sample_count": 20
    }
  },
  "status": "PASSED"
}
