{"camera_info": {"frame_id": "sgcf_robot/camera_link/rgb_camera", "height": 240, "k": [179.99998092651367, 0.0, 160.0, 0.0, 179.99998569488525, 120.0, 0.0, 0.0, 1.0], "stamp": 5.9, "width": 320}, "goal": [4.0, 0.0, 0.0], "image": {"encoding": "rgb8", "frame_id": "sgcf_robot/camera_link/rgb_camera", "height": 240, "stamp": 5.9, "width": 320}, "laser": {"angle_increment": 0.03490658476948738, "angle_min": -3.1415927410125732, "frame_id": "sgcf_robot/lidar_link/lidar", "observable_points_robot": [[1.8963836505811569, -0.7661889690519239], [1.9020233060069323, -0.6922801031701792], [1.897496344486868, -0.6165341651981863], [1.901224242765631, -0.5451675044039174], [1.8969129820060557, -0.47295374673240764], [1.899432146752543, -0.40373698488724624], [1.9011580942325794, -0.33522568303217304], [2.438680612339013, -0.3427344840679077], [1.3814487457275304, -1.543889283084351e-07], [1.246926334151485, 0.04354348722570052], [1.2030405813285139, 0.08412465672949618], [1.173965683217053, 0.12338863174958674], [1.1498772705530185, 0.16160457909349216], [1.1261965716786082, 0.1985787098228782], [1.1151494949662994, 0.2370322102487651], [1.1045558445340327, 0.27539656940822527], [1.1020965315895979, 0.3160209592178458], [1.100571351213659, 0.35759717017416026], [1.1098333721130995, 0.4039461685811208], [1.118474223067761, 0.45189276976639015], [1.1514843168656652, 0.5126736898764144], [1.2410319678457198, 0.6052915570805759]], "observable_points_world": [[1.8963836505811569, -0.7661889690519239], [1.9020233060069323, -0.6922801031701792], [1.897496344486868, -0.6165341651981863], [1.901224242765631, -0.5451675044039174], [1.8969129820060557, -0.47295374673240764], [1.899432146752543, -0.40373698488724624], [1.9011580942325794, -0.33522568303217304], [2.438680612339013, -0.3427344840679077], [1.3814487457275304, -1.543889283087081e-07], [1.246926334151485, 0.04354348722570052], [1.2030405813285139, 0.08412465672949618], [1.173965683217053, 0.12338863174958674], [1.1498772705530185, 0.16160457909349216], [1.1261965716786082, 0.1985787098228782], [1.1151494949662994, 0.2370322102487651], [1.1045558445340327, 0.27539656940822527], [1.1020965315895979, 0.3160209592178458], [1.100571351213659, 0.35759717017416026], [1.1098333721130995, 0.4039461685811208], [1.118474223067761, 0.45189276976639015], [1.1514843168656652, 0.5126736898764144], [1.2410319678457198, 0.6052915570805759]], "ordered_points": [[-Infinity, Infinity], [-Infinity, -Infinity], [-Infinity, -Infinity], [-Infinity, -Infinity], [-Infinity, -Infinity], [-Infinity, -Infinity], [-Infinity, -Infinity], [-Infinity, -Infinity], [-Infinity, -Infinity], [-Infinity, -Infinity], [-Infinity, -Infinity], [-Infinity, -Infinity], [-Infinity, -Infinity], [-Infinity, -Infinity], [-Infinity, -Infinity], [-Infinity, -Infinity], [-Infinity, -Infinity], [-Infinity, -Infinity], [-Infinity, -Infinity], [-Infinity, -Infinity], [-Infinity, -Infinity], [-Infinity, -Infinity], [-Infinity, -Infinity], [-Infinity, -Infinity], [-Infinity, -Infinity], [-Infinity, -Infinity], [-Infinity, -Infinity], [-Infinity, -Infinity], [-Infinity, -Infinity], [-Infinity, -Infinity], [-Infinity, -Infinity], [-Infinity, -Infinity], [-Infinity, -Infinity], [-Infinity, -Infinity], [-Infinity, -Infinity], [-Infinity, -Infinity], [-Infinity, -Infinity], [-Infinity, -Infinity], [-Infinity, -Infinity], [-Infinity, -Infinity], [-Infinity, -Infinity], [-Infinity, -Infinity], [-Infinity, -Infinity], [-Infinity, -Infinity], [-Infinity, -Infinity], [-Infinity, -Infinity], [Infinity, -Infinity], [Infinity, -Infinity], [Infinity, -Infinity], [Infinity, -Infinity], [Infinity, -Infinity], [Infinity, -Infinity], [Infinity, -Infinity], [Infinity, -Infinity], [Infinity, -Infinity], [Infinity, -Infinity], [Infinity, -Infinity], [Infinity, -Infinity], [Infinity, -Infinity], [Infinity, -Infinity], [Infinity, -Infinity], [Infinity, -Infinity], [Infinity, -Infinity], [Infinity, -Infinity], [Infinity, -Infinity], [Infinity, -Infinity], [Infinity, -Infinity], [Infinity, -Infinity], [Infinity, -Infinity], [Infinity, -Infinity], [Infinity, -Infinity], [Infinity, -Infinity], [Infinity, -Infinity], [Infinity, -Infinity], [Infinity, -Infinity], [Infinity, -Infinity], [Infinity, -Infinity], [Infinity, -Infinity], [Infinity, -Infinity], [1.8963836505811569, -0.7661889690519239], [1.9020233060069323, -0.6922801031701792], [1.897496344486868, -0.6165341651981863], [1.901224242765631, -0.5451675044039174], [1.8969129820060557, -0.47295374673240764], [1.899432146752543, -0.40373698488724624], [1.9011580942325794, -0.33522568303217304], [2.438680612339013, -0.3427344840679077], [Infinity, -Infinity], [Infinity, -Infinity], [Infinity, -Infinity], [1.3814487457275304, -1.543889283084351e-07], [1.246926334151485, 0.04354348722570052], [1.2030405813285139, 0.08412465672949618], [1.173965683217053, 0.12338863174958674], [1.1498772705530185, 0.16160457909349216], [1.1261965716786082, 0.1985787098228782], [1.1151494949662994, 0.2370322102487651], [1.1045558445340327, 0.27539656940822527], [1.1020965315895979, 0.3160209592178458], [1.100571351213659, 0.35759717017416026], [1.1098333721130995, 0.4039461685811208], [1.118474223067761, 0.45189276976639015], [1.1514843168656652, 0.5126736898764144], [1.2410319678457198, 0.6052915570805759], [Infinity, Infinity], [Infinity, Infinity], [Infinity, Infinity], [Infinity, Infinity], [Infinity, Infinity], [Infinity, Infinity], [Infinity, Infinity], [Infinity, Infinity], [Infinity, Infinity], [Infinity, Infinity], [Infinity, Infinity], [Infinity, Infinity], [Infinity, Infinity], [Infinity, Infinity], [Infinity, Infinity], [Infinity, Infinity], [Infinity, Infinity], [Infinity, Infinity], [Infinity, Infinity], [Infinity, Infinity], [Infinity, Infinity], [Infinity, Infinity], [Infinity, Infinity], [Infinity, Infinity], [Infinity, Infinity], [Infinity, Infinity], [Infinity, Infinity], [Infinity, Infinity], [Infinity, Infinity], [Infinity, Infinity], [Infinity, Infinity], [Infinity, Infinity], [-Infinity, Infinity], [-Infinity, Infinity], [-Infinity, Infinity], [-Infinity, Infinity], [-Infinity, Infinity], [-Infinity, Infinity], [-Infinity, Infinity], [-Infinity, Infinity], [-Infinity, Infinity], [-Infinity, Infinity], [-Infinity, Infinity], [-Infinity, Infinity], [-Infinity, Infinity], [-Infinity, Infinity], [-Infinity, Infinity], [-Infinity, Infinity], [-Infinity, Infinity], [-Infinity, Infinity], [-Infinity, Infinity], [-Infinity, Infinity], [-Infinity, Infinity], [-Infinity, Infinity], [-Infinity, Infinity], [-Infinity, Infinity], [-Infinity, Infinity], [-Infinity, Infinity], [-Infinity, Infinity], [-Infinity, Infinity], [-Infinity, Infinity], [-Infinity, Infinity], [-Infinity, Infinity], [-Infinity, Infinity], [-Infinity, Infinity], [-Infinity, Infinity], [-Infinity, Infinity], [-Infinity, Infinity], [-Infinity, Infinity], [-Infinity, Infinity], [-Infinity, Infinity], [-Infinity, Infinity], [-Infinity, Infinity], [-Infinity, Infinity], [-Infinity, Infinity], [-Infinity, Infinity], [-Infinity, Infinity]], "range_max": 8.0, "range_min": 0.05000000074505806,