{
  "39": {
    "C0_HARD_SINGLE_PIXEL": {
      "mean_ms": 0.01664279989199713,
      "p50_ms": 0.016421003238065168,
      "p95_ms": 0.018084499606629834,
      "p99_ms": 0.01881241929368116
    },
    "C1_LOCAL_3X3": {
      "mean_ms": 0.0283288335291824,
      "p50_ms": 0.028007998480461538,
      "p95_ms": 0.028984001619392075,
      "p99_ms": 0.032776004009065225
    },
    "C2_LOCAL_5X5": {
      "mean_ms": 0.05084913282189518,
      "p50_ms": 0.05023500125389546,
      "p95_ms": 0.052763653729925857,
      "p99_ms": 0.05950115904852283
    },
    "C3_SPARSE_GRID_RADIUS_8": {
      "mean_ms": 0.05306869982935799,
      "p50_ms": 0.05146750118001364,
      "p95_ms": 0.05554949566430878,
      "p99_ms": 0.0797329362103483
    },
    "C4_SPARSE_GRID_RADIUS_16": {
      "mean_ms": 0.0521897993166931,
      "p50_ms": 0.05164300091564655,
      "p95_ms": 0.05660310016537551,
      "p99_ms": 0.05751341363065876
    },
    "C5_SPARSE_GRID_RADIUS_24": {
      "mean_ms": 0.0887132666927452,
      "p50_ms": 0.0846405018819496,
      "p95_ms": 0.10836245055543253,
      "p99_ms": 0.12948780800797977
    },
    "C6_COARSE_TO_FINE_SPARSE_SEARCH": {
      "mean_ms": 0.2208516666238817,
      "p50_ms": 0.21489650316652842,
      "p95_ms": 0.2503592979337554,
      "p99_ms": 0.27434461044322234
    },
    "C7_MULTISCALE_PYRAMID_SEARCH": {
      "mean_ms": 0.08807430058368482,
      "p50_ms": 0.08640350279165432,
      "p95_ms": 0.09347585146315394,
      "p99_ms": 0.11448581033619123
    }
  },
  "180": {
    "C0_HARD_SINGLE_PIXEL": {
      "mean_ms": 0.0233535671820088,
      "p50_ms": 0.020924500859109685,
      "p95_ms": 0.03245159678044727,
      "p99_ms": 0.05707097654521934
    },
    "C1_LOCAL_3X3": {
      "mean_ms": 0.07143496647283125,
      "p50_ms": 0.06914100231369957,
      "p95_ms": 0.08288244935101828,
      "p99_ms": 0.08807167796476278
    },
    "C2_LOCAL_5X5": {
      "mean_ms": 0.16806510005456707,
      "p50_ms": 0.16675050210324116,
      "p95_ms": 0.17418830102542415,
      "p99_ms": 0.18076774053042755
    },
    "C3_SPARSE_GRID_RADIUS_8": {
      "mean_ms": 0.17638296631048433,
      "p50_ms": 0.16984699686872773,
      "p95_ms": 0.20488614973146468,
      "p99_ms": 0.233543051435845
    },
    "C4_SPARSE_GRID_RADIUS_16": {
      "mean_ms": 0.17256413339055143,
      "p50_ms": 0.17034249685821123,
      "p95_ms": 0.1824951490561943,
      "p99_ms": 0.20293344350648115
    },
    "C5_SPARSE_GRID_RADIUS_24": {
      "mean_ms": 0.3162418994179461,
      "p50_ms": 0.30924500242690556,
      "p95_ms": 0.3477838468825212,
      "p99_ms": 0.37942222508718265
    },
    "C6_COARSE_TO_FINE_SPARSE_SEARCH": {
      "mean_ms": 0.8264077664838018,
      "p50_ms": 0.8130689966492355,
      "p95_ms": 0.9065159985766513,
      "p99_ms": 0.9486165436101146
    },
    "C7_MULTISCALE_PYRAMID_SEARCH": {
      "mean_ms": 0.26723309929366224,
      "p50_ms": 0.2525430027162656,
      "p95_ms": 0.32641390207572835,
      "p99_ms": 0.372687633134774
    }
  },
  "256": {
    "C0_HARD_SINGLE_PIXEL": {
      "mean_ms": 0.023730967465477686,
      "p50_ms": 0.023594999220222235,
      "p95_ms": 0.024052500521065667,
      "p99_ms": 0.02587704242614564
    },
    "C1_LOCAL_3X3": {
      "mean_ms": 0.09292233250259112,
      "p50_ms": 0.09242499800166115,
      "p95_ms": 0.09527204929327127,
      "p99_ms": 0.09821856976486742
    },
    "C2_LOCAL_5X5": {
      "mean_ms": 0.24549733231348606,
      "p50_ms": 0.2279465006722603,
      "p95_ms": 0.3328065984533167,
      "p99_ms": 0.35254089736554306
    },
    "C3_SPARSE_GRID_RADIUS_8": {
      "mean_ms": 0.24122716640704311,
      "p50_ms": 0.2320695020898711,
      "p95_ms": 0.27386385008867364,
      "p99_ms": 0.30130612940411083
    },
    "C4_SPARSE_GRID_RADIUS_16": {
      "mean_ms": 0.24190226613427512,
      "p50_ms": 0.2345590000913944,
      "p95_ms": 0.27583150149439456,
      "p99_ms": 0.2858581900363788
    },
    "C5_SPARSE_GRID_RADIUS_24": {
      "mean_ms": 0.43742963316617534,
      "p50_ms": 0.42777999988175,
      "p95_ms": 0.4689634508395102,
      "p99_ms": 0.5480640508176294
    },
    "C6_COARSE_TO_FINE_SPARSE_SEARCH": {
      "mean_ms": 1.1638789993109337,
      "p50_ms": 1.140388001658721,
      "p95_ms": 1.272975799656706,
      "p99_ms": 1.354025336477207
    },
    "C7_MULTISCALE_PYRAMID_SEARCH": {
      "mean_ms": 0.35314446698369767,
      "p50_ms": 0.3425934992264956,
      "p95_ms": 0.42121835285797704,
      "p99_ms": 0.4396044277382316
    }
  },
  "360": {
    "C0_HARD_SINGLE_PIXEL": {
      "mean_ms": 0.028875366600307945,
      "p50_ms": 0.026855999749386683,
      "p95_ms": 0.03866965016641186,
      "p99_ms": 0.05711411409720315
    },
    "C1_LOCAL_3X3": {
      "mean_ms": 0.12806276645278558,
      "p50_ms": 0.12489649816416204,
      "p95_ms": 0.14166995024424972,
      "p99_ms": 0.15909727902908344
    },
    "C2_LOCAL_5X5": {
      "mean_ms": 0.316490634092285,
      "p50_ms": 0.3147905008518137,
      "p95_ms": 0.32562150045123417,
      "p99_ms": 0.33483114711998496
    },
    "C3_SPARSE_GRID_RADIUS_8": {
      "mean_ms": 0.3185221661018052,
      "p50_ms": 0.31734999720356427,
      "p95_ms": 0.3254800983995665,
      "p99_ms": 0.32980329902784433
    },
    "C4_SPARSE_GRID_RADIUS_16": {
      "mean_ms": 0.322054867137922,
      "p50_ms": 0.3204515014658682,
      "p95_ms": 0.32843404878803995,
      "p99_ms": 0.33425195135350805
    },
    "C5_SPARSE_GRID_RADIUS_24": {
      "mean_ms": 0.6035580663592555,
      "p50_ms": 0.5973309998807963,
      "p95_ms": 0.6223987002158538,
      "p99_ms": 0.6998026796645719
    },
    "C6_COARSE_TO_FINE_SPARSE_SEARCH": {
      "mean_ms": 1.5929750336605746,
      "p50_ms": 1.5674714995839167,
      "p95_ms": 1.7366849031532179,
      "p99_ms": 1.830489934727666
    },
    "C7_MULTISCALE_PYRAMID_SEARCH": {
      "mean_ms": 0.4663159321353305,
      "p50_ms": 0.45853749543312006,
      "p95_ms": 0.4841139485506573,
      "p99_ms": 0.5838177650002764
    }
  }
}
