{
  "semantic_infeasible": {
    "backlog_count": 0,
    "count": 57,
    "max": 261.80088299997806,
    "mean": 133.32593356138509,
    "p50": 142.2098109997023,
    "p95": 252.04678860018248,
    "stale_count": 0
  },
  "rgb_dropout_contract": {
    "backlog_count": 0,
    "count": 38,
    "max": 61.94947799986039,
    "mean": 30.36741918422673,
    "p50": 30.086823499914317,
    "p95": 59.92647765012862,
    "stale_count": 0
  },
  "outdated_rgb_contract": {
    "backlog_count": 0,
    "count": 38,
    "max": 66.40800600007424,
    "mean": 31.252771131580392,
    "p50": 31.96320500001093,
    "p95": 60.740814750261045,
    "stale_count": 0
  },
  "probe_human_path_side": {
    "backlog_count": 0,
    "count": 38,
    "max": 314.4988409999314,
    "mean": 128.68948794735653,
    "p50": 122.79062799984786,
    "p95": 312.28889224985323,
    "stale_count": 0
  },
  "probe_vehicle_path": {
    "backlog_count": 0,
    "count": 38,
    "max": 36.70644200019524,
    "mean": 29.626634131569805,
    "p50": 29.606449499851806,
    "p95": 35.84176860001662,
    "stale_count": 0
  },
  "vehicle_path_p0_closed_loop": {
    "backlog_count": 0,
    "count": 19,
    "max": 69.29371700016418,
    "mean": 37.18029168423623,
    "p50": 35.3578600002038,
    "p95": 50.88899330012278,
    "stale_count": 0
  },
  "vehicle_path_p2_closed_loop": {
    "backlog_count": 0,
    "count": 19,
    "max": 47.54131800018513,
    "mean": 32.019217052613,
    "p50": 30.05993299984766,
    "p95": 41.36516069970638,
    "stale_count": 0
  }
}
