{
  "stamp": 8.6,
  "frame_id": "sgcf_robot/lidar_link/lidar",
  "angle_min": -3.1415927410125732,
  "angle_max": 3.1415927410125732,
  "angle_increment": 0.03490658476948738,
  "range_min": 0.05000000074505806,
  "range_max": 8.0,
  "ranges": [
    null,
    null,
    null,
    null,
    null,
    null,
    null,
    null,
    null,
    null,
    null,
    null,
    null,
    null,
    null,
    null,
    null,
    null,
    null,
    null,
    null,
    null,
    null,
    null,
    null,
    null,
    null,
    null,
    null,
    null,
    null,
    null,
    null,
    null,
    null,
    2.4203507900238037,
    2.1514525413513184,
    2.132793664932251,
    1.725926399230957,
    1.7143455743789673,
    1.7042988538742065,
    2.10667085647583,
    1.6860640048980713,
    1.6815764904022217,
    1.678714632987976,
    3.0508341789245605,
    1.678714632987976,
    1.6815764904022217,
    1.6860641241073608,
    1.927825689315796,
    1.7042988538742065,
    1.7143455743789673,
    2.0459673404693604,
    1.7461063861846924,
    1.7613821029663086,
    1.7869360446929932,
    1.9164621829986572,
    1.836229681968689,
    1.8695948123931885,
    5.32302188873291,
    5.098474502563477,
    4.809167861938477,
    4.915685653686523,
    5.0252790451049805,
    5.178709506988525,
    3.9568300247192383,
    3.7972114086151123,
    3.662604808807373,
    3.519533395767212,
    3.4115562438964844,
    3.307662010192871,
    3.2326583862304688,
    3.1368842124938965,
    3.0684733390808105,
    3.240220308303833,
    3.435143232345581,
    3.586433172225952,
    3.85085391998291,
    5.072638034820557,
    4.988227367401123,
    5.106081485748291,
    5.5560832023620605,
    6.040586948394775,
    null,
    1.3081282377243042,
    1.2506752014160156,
    1.1999727487564087,
    1.1781889200210571,
    1.1636714935302734,
    1.1553571224212646,
    1.1509557962417603,
    1.1553571224212646,
    1.1636713743209839,
    1.1781889200210571,
    1.1999729871749878,
    1.2506752014160156,
    1.3081283569335938,
    null,
    null,
    null,
    null,
    6.980773448944092,
    null,
    null,
    null,
    null,
    null,
    null,
    null,
    null,
    null,
    null,
    3.6644554138183594,
    null,
    null,
    null,
    null,
    null,
    null,
    null,
    2.927738666534424,
    null,
    null,
    null,
    7.928558826446533,
    7.846282005310059,
    7.734076976776123,
    5.336971759796143,
    7.578393936157227,
    7.527543544769287,
    7.483429431915283,
    7.430147171020508,
    7.403361797332764,
    7.383657932281494,
    7.371091365814209,
    7.112572193145752,
    7.371091365814209,
    7.383657932281494,
    4.103640556335449,
    4.388764381408691,
    4.902865409851074,
    4.039758205413818,
    3.701300859451294,
    4.124607086181641,
    4.611081600189209,
    3.593729019165039,
    3.5757977962493896,
    3.55464768409729,
    4.424875259399414,
    null,
    null,
    null,
    null,
    null,
    null,
    null,
    null,
    null,
    null,
    null,
    null,
    null,
    null,
    null,
    null,
    null,
    null,
    null,
    null,
    null,
    null,
    null,
    null,
    null,
    null,
    null,
    null,
    null,
    null,
    null,
    null
  ]
}
