{"camera_info": {"frame_id": "sgcf_robot/camera_link/rgb_camera", "height": 240, "k": [179.99998092651367, 0.0, 160.0, 0.0, 179.99998569488525, 120.0, 0.0, 0.0, 1.0], "stamp": 6.0, "width": 320}, "goal": [4.0, 0.0, 0.0], "image": {"encoding": "rgb8", "frame_id": "sgcf_robot/camera_link/rgb_camera", "height": 240, "stamp": 6.0, "width": 320}, "laser": {"angle_increment": 0.03490658476948738, "angle_min": -3.1415927410125732, "frame_id": "sgcf_robot/lidar_link/lidar", "observable_points_robot": [[1.8963836505811569, -0.7661889690519239], [1.9020233060069323, -0.6922801031701792], [1.897496344486868, -0.6165341651981863], [1.901224242765631, -0.5451675044039174], [1.8969129820060557, -0.47295374673240764], [1.899432146752543, -0.40373698488724624], [1.9011580942325794, -0.33522568303217304], [2.1687635893243566, -0.3048000898893503], [1.3064180915072303, 0.09135350477694185], [1.2459036002561032, 0.13094960331907898], [1.204256731766141, 0.16924710770565532], [1.1649243710076604, 0.2054074612313288], [1.1447578878080313, 0.2433256649190751], [1.1263323622441417, 0.2808260624489791], [1.1135281624298259, 0.31929892520358616], [1.1040500294606586, 0.3587274608142916], [1.101752914624597, 0.4010051236234904], [1.1007987675757467, 0.44475142455303257], [1.1118883438024225, 0.49504443230229844], [1.1363312234221785, 0.5542256069184451], [1.1925353045180989, 0.6340820922554494]], "observable_points_world": [[1.8963836505811569, -0.7661889690519239], [1.9020233060069323, -0.6922801031701792], [1.897496344486868, -0.6165341651981863], [1.901224242765631, -0.5451675044039174], [1.8969129820060557, -0.47295374673240764], [1.899432146752543, -0.40373698488724624], [1.9011580942325794, -0.33522568303217304], [2.1687635893243566, -0.3048000898893503], [1.3064180915072303, 0.09135350477694185], [1.2459036002561032, 0.13094960331907898], [1.204256731766141, 0.16924710770565532], [1.1649243710076604, 0.2054074612313288], [1.1447578878080313, 0.2433256649190751], [1.1263323622441417, 0.2808260624489791], [1.1135281624298259, 0.31929892520358616], [1.1040500294606586, 0.3587274608142916], [1.101752914624597, 0.4010051236234904], [1.1007987675757467, 0.44475142455303257], [1.1118883438024225, 0.49504443230229844], [1.1363312234221785, 0.5542256069184451], [1.1925353045180989, 0.6340820922554494]], "ordered_points": [[-Infinity, Infinity], [-Infinity, -Infinity], [-Infinity, -Infinity], [-Infinity, -Infinity], [-Infinity, -Infinity], [-Infinity, -Infinity], [-Infinity, -Infinity], [-Infinity, -Infinity], [-Infinity, -Infinity], [-Infinity, -Infinity], [-Infinity, -Infinity], [-Infinity, -Infinity], [-Infinity, -Infinity], [-Infinity, -Infinity], [-Infinity, -Infinity], [-Infinity, -Infinity], [-Infinity, -Infinity], [-Infinity, -Infinity], [-Infinity, -Infinity], [-Infinity, -Infinity], [-Infinity, -Infinity], [-Infinity, -Infinity], [-Infinity, -Infinity], [-Infinity, -Infinity], [-Infinity, -Infinity], [-Infinity, -Infinity], [-Infinity, -Infinity], [-Infinity, -Infinity], [-Infinity, -Infinity], [-Infinity, -Infinity], [-Infinity, -Infinity], [-Infinity, -Infinity], [-Infinity, -Infinity], [-Infinity, -Infinity], [-Infinity, -Infinity], [-Infinity, -Infinity], [-Infinity, -Infinity], [-Infinity, -Infinity], [-Infinity, -Infinity], [-Infinity, -Infinity], [-Infinity, -Infinity], [-Infinity, -Infinity], [-Infinity, -Infinity], [-Infinity, -Infinity], [-Infinity, -Infinity], [-Infinity, -Infinity], [Infinity, -Infinity], [Infinity, -Infinity], [Infinity, -Infinity], [Infinity, -Infinity], [Infinity, -Infinity], [Infinity, -Infinity], [Infinity, -Infinity], [Infinity, -Infinity], [Infinity, -Infinity], [Infinity, -Infinity], [Infinity, -Infinity], [Infinity, -Infinity], [Infinity, -Infinity], [Infinity, -Infinity], [Infinity, -Infinity], [Infinity, -Infinity], [Infinity, -Infinity], [Infinity, -Infinity], [Infinity, -Infinity], [Infinity, -Infinity], [Infinity, -Infinity], [Infinity, -Infinity], [Infinity, -Infinity], [Infinity, -Infinity], [Infinity, -Infinity], [Infinity, -Infinity], [Infinity, -Infinity], [Infinity, -Infinity], [Infinity, -Infinity], [Infinity, -Infinity], [Infinity, -Infinity], [Infinity, -Infinity], [Infinity, -Infinity], [1.8963836505811569, -0.7661889690519239], [1.9020233060069323, -0.6922801031701792], [1.897496344486868, -0.6165341651981863], [1.901224242765631, -0.5451675044039174], [1.8969129820060557, -0.47295374673240764], [1.899432146752543, -0.40373698488724624], [1.9011580942325794, -0.33522568303217304], [2.1687635893243566, -0.3048000898893503], [Infinity, -Infinity], [Infinity, -Infinity], [Infinity, -Infinity], [Infinity, -Infinity], [Infinity, Infinity], [1.3064180915072303, 0.09135350477694185], [1.2459036002561032, 0.13094960331907898], [1.204256731766141, 0.16924710770565532], [1.1649243710076604, 0.2054074612313288], [1.1447578878080313, 0.2433256649190751], [1.1263323622441417, 0.2808260624489791], [1.1135281624298259, 0.31929892520358616], [1.1040500294606586, 0.3587274608142916], [1.101752914624597, 0.4010051236234904], [1.1007987675757467, 0.44475142455303257], [1.1118883438024225, 0.49504443230229844], [1.1363312234221785, 0.5542256069184451], [1.1925353045180989, 0.6340820922554494], [Infinity, Infinity], [Infinity, Infinity], [Infinity, Infinity], [Infinity, Infinity], [Infinity, Infinity], [Infinity, Infinity], [Infinity, Infinity], [Infinity, Infinity], [Infinity, Infinity], [Infinity, Infinity], [Infinity, Infinity], [Infinity, Infinity], [Infinity, Infinity], [Infinity, Infinity], [Infinity, Infinity], [Infinity, Infinity], [Infinity, Infinity], [Infinity, Infinity], [Infinity, Infinity], [Infinity, Infinity], [Infinity, Infinity], [Infinity, Infinity], [Infinity, Infinity], [Infinity, Infinity], [Infinity, Infinity], [Infinity, Infinity], [Infinity, Infinity], [Infinity, Infinity], [Infinity, Infinity], [Infinity, Infinity], [Infinity, Infinity], [-Infinity, Infinity], [-Infinity, Infinity], [-Infinity, Infinity], [-Infinity, Infinity], [-Infinity, Infinity], [-Infinity, Infinity], [-Infinity, Infinity], [-Infinity, Infinity], [-Infinity, Infinity], [-Infinity, Infinity], [-Infinity, Infinity], [-Infinity, Infinity], [-Infinity, Infinity], [-Infinity, Infinity], [-Infinity, Infinity], [-Infinity, Infinity], [-Infinity, Infinity], [-Infinity, Infinity], [-Infinity, Infinity], [-Infinity, Infinity], [-Infinity, Infinity], [-Infinity, Infinity], [-Infinity, Infinity], [-Infinity, Infinity], [-Infinity, Infinity], [-Infinity, Infinity], [-Infinity, Infinity], [-Infinity, Infinity], [-Infinity, Infinity], [-Infinity, Infinity], [-Infinity, Infinity], [-Infinity, Infinity], [-Infinity, Infinity], [-Infinity, Infinity], [-Infinity, Infinity], [-Infinity, Infinity], [-Infinity, Infinity], [-Infinity, Infinity], [-Infinity, Infinity], [-Infinity, Infinity], [-Infinity, Infinity], [-Infinity, Infinity], [-Infinity, Infinity], [-Infinity, Infinity], [-Infinity, Infinity]], "range_max": 8.0, "range_min": 0.05000000074505806,