{"camera_info": {"frame_id": "sgcf_robot/camera_link/rgb_camera", "height": 240, "k": [179.99998092651367, 0.0, 160.0, 0.0, 179.99998569488525, 120.0, 0.0, 0.0, 1.0], "stamp": 4.4, "width": 320}, "goal": [4.0, 0.0, 0.0], "image": {"encoding": "rgb8", "frame_id": "sgcf_robot/camera_link/rgb_camera", "height": 240, "stamp": 4.4, "width": 320}, "laser": {"angle_increment": 0.03490658476948738, "angle_min": -3.1415927410125732, "frame_id": "sgcf_robot/lidar_link/lidar", "observable_points_robot": [[1.2795427004363764, -0.27197534420584374], [1.2316743760802784, -0.21717756416328093], [1.1882946779700025, -0.1670040600290272], [1.171734664177573, -0.12315440724982306], [1.1608368392299908, -0.08117374909107983], [1.1546534247202904, -0.040321514974855054], [1.1509557962417531, -1.2862933385093785e-07], [1.1546533145961515, 0.040321252729371114], [1.1608368573737087, 0.08117348962382488], [1.171734691704699, 0.12315414534671339], [1.1882949513965988, 0.16700382760589125], [1.231674659419686, 0.2171773302635245], [1.279542644623288, 0.2719750334207647]], "observable_points_world": [[1.2795427004363764, -0.27197534420584374], [1.2316743760802784, -0.21717756416328093], [1.1882946779700025, -0.1670040600290272], [1.171734664177573, -0.12315440724982306], [1.1608368392299908, -0.08117374909107983], [1.1546534247202904, -0.040321514974855054], [1.1509557962417531, -1.2862933385115286e-07], [1.1546533145961515, 0.040321252729371114], [1.1608368573737087, 0.08117348962382488], [1.171734691704699, 0.12315414534671339], [1.1882949513965988, 0.16700382760589125], [1.231674659419686, 0.2171773302635245], [1.279542644623288, 0.2719750334207647]], "ordered_points": [[-Infinity, Infinity], [-Infinity, -Infinity], [-Infinity, -Infinity], [-Infinity, -Infinity], [-Infinity, -Infinity], [-Infinity, -Infinity], [-Infinity, -Infinity], [-Infinity, -Infinity], [-Infinity, -Infinity], [-Infinity, -Infinity], [-Infinity, -Infinity], [-Infinity, -Infinity], [-Infinity, -Infinity], [-Infinity, -Infinity], [-Infinity, -Infinity], [-Infinity, -Infinity], [-Infinity, -Infinity], [-Infinity, -Infinity], [-Infinity, -Infinity], [-Infinity, -Infinity], [-Infinity, -Infinity], [-Infinity, -Infinity], [-Infinity, -Infinity], [-Infinity, -Infinity], [-Infinity, -Infinity], [-Infinity, -Infinity], [-Infinity, -Infinity], [-Infinity, -Infinity], [-Infinity, -Infinity], [-Infinity, -Infinity], [-Infinity, -Infinity], [-Infinity, -Infinity], [-Infinity, -Infinity], [-Infinity, -Infinity], [-Infinity, -Infinity], [-Infinity, -Infinity], [-Infinity, -Infinity], [-Infinity, -Infinity], [-Infinity, -Infinity], [-Infinity, -Infinity], [-Infinity, -Infinity], [-Infinity, -Infinity], [-Infinity, -Infinity], [-Infinity, -Infinity], [-Infinity, -Infinity], [-Infinity, -Infinity], [Infinity, -Infinity], [Infinity, -Infinity], [Infinity, -Infinity], [Infinity, -Infinity], [Infinity, -Infinity], [Infinity, -Infinity], [Infinity, -Infinity], [Infinity, -Infinity], [Infinity, -Infinity], [Infinity, -Infinity], [Infinity, -Infinity], [Infinity, -Infinity], [Infinity, -Infinity], [Infinity, -Infinity], [Infinity, -Infinity], [Infinity, -Infinity], [Infinity, -Infinity], [Infinity, -Infinity], [Infinity, -Infinity], [Infinity, -Infinity], [Infinity, -Infinity], [Infinity, -Infinity], [Infinity, -Infinity], [Infinity, -Infinity], [Infinity, -Infinity], [Infinity, -Infinity], [Infinity, -Infinity], [Infinity, -Infinity], [Infinity, -Infinity], [Infinity, -Infinity], [Infinity, -Infinity], [Infinity, -Infinity], [Infinity, -Infinity], [Infinity, -Infinity], [Infinity, -Infinity], [Infinity, -Infinity], [Infinity, -Infinity], [Infinity, -Infinity], [1.2795427004363764, -0.27197534420584374], [1.2316743760802784, -0.21717756416328093], [1.1882946779700025, -0.1670040600290272], [1.171734664177573, -0.12315440724982306], [1.1608368392299908, -0.08117374909107983], [1.1546534247202904, -0.040321514974855054], [1.1509557962417531, -1.2862933385093785e-07], [1.1546533145961515, 0.040321252729371114], [1.1608368573737087, 0.08117348962382488], [1.171734691704699, 0.12315414534671339], [1.1882949513965988, 0.16700382760589125], [1.231674659419686, 0.2171773302635245], [1.279542644623288, 0.2719750334207647], [Infinity, Infinity], [Infinity, Infinity], [Infinity, Infinity], [Infinity, Infinity], [Infinity, Infinity], [Infinity, Infinity], [Infinity, Infinity], [Infinity, Infinity], [Infinity, Infinity], [Infinity, Infinity], [Infinity, Infinity], [Infinity, Infinity], [Infinity, Infinity], [Infinity, Infinity], [Infinity, Infinity], [Infinity, Infinity], [Infinity, Infinity], [Infinity, Infinity], [Infinity, Infinity], [Infinity, Infinity], [Infinity, Infinity], [Infinity, Infinity], [Infinity, Infinity], [Infinity, Infinity], [Infinity, Infinity], [Infinity, Infinity], [Infinity, Infinity], [Infinity, Infinity], [Infinity, Infinity], [Infinity, Infinity], [Infinity, Infinity], [Infinity, Infinity], [Infinity, Infinity], [Infinity, Infinity], [Infinity, Infinity], [Infinity, Infinity], [Infinity, Infinity], [Infinity, Infinity], [Infinity, Infinity], [-Infinity, Infinity], [-Infinity, Infinity], [-Infinity, Infinity], [-Infinity, Infinity], [-Infinity, Infinity], [-Infinity, Infinity], [-Infinity, Infinity], [-Infinity, Infinity], [-Infinity, Infinity], [-Infinity, Infinity], [-Infinity, Infinity], [-Infinity, Infinity], [-Infinity, Infinity], [-Infinity, Infinity], [-Infinity, Infinity], [-Infinity, Infinity], [-Infinity, Infinity], [-Infinity, Infinity], [-Infinity, Infinity], [-Infinity, Infinity], [-Infinity, Infinity], [-Infinity, Infinity], [-Infinity, Infinity], [-Infinity, Infinity], [-Infinity, Infinity], [-Infinity, Infinity], [-Infinity, Infinity], [-Infinity, Infinity], [-Infinity, Infinity], [-Infinity, Infinity], [-Infinity, Infinity], [-Infinity, Infinity], [-Infinity, Infinity], [-Infinity, Infinity], [-Infinity, Infinity], [-Infinity, Infinity], [-Infinity, Infinity], [-Infinity, Infinity], [-Infinity, Infinity], [-Infinity, Infinity], [-Infinity, Infinity], [-Infinity, Infinity], [-Infinity, Infinity], [-Infinity, Infinity], [-Infinity, Infinity]], "range_max": 8.0, "range_min": 0.05000000074505806, "ranges": [null, null, null, null, null, null, null, null, null, null, null, null, null, null, null, null, null, null, null, null, null, null, null, null, null, null, null, null, null, null, null, null, null, null, null, null, null, null, null, null, null, null, null, null, null, null, null, null, null, null, null, null, null, null, null, null, null, null, null, null, null, null, null, null, null, null, null, null, null, null, null, null, null, null, null, null, null, null, null, null, null, null, null, null, 1.3081284761428833, 1.2506749629974365, 1.1999727487564087, 1.1781889200210571, 1.1636714935302734, 1.1553572416305542, 1.1509557962417603, 1.1553571224212646, 1.1636714935302734, 1.1781889200210571, 1.1999729871749878, 1.2506752014160156, 1.3081283569335938, null, null, null, null, null, null, null, null, null, null, null, null, null, null, null, null, null, null, null, null, null, null, null, null, null, null, null, null, null, null, null, null, null, null, null, null, null, null, null, null, null, null, null, null, null, null, null, null, null, null, null, null, null, null, null, null, null, null, null, null, null, null, null, null, null, null, null, null, null, null, null, null, null, null, null, null, null, null, null, null, null, null, null, null],