{
  "all_path_p95_max_ms": 301.82125975152303,
  "command_eligible_path_p95_max_ms": 36.6938836992631,
  "deadline_miss_count": 703,
  "sustained_backlog_runs": 0
}
