{
  "P0": {
    "median_minimum_clearance_m": 0.4040228662313615,
    "minimum_clearance_m": 0.4033995269125811,
    "near_miss_count": 0,
    "near_miss_rate": 0.0,
    "runs": 20
  },
  "P2": {
    "median_minimum_clearance_m": 0.7500000000000001,
    "minimum_clearance_m": 0.7500000000000001,
    "near_miss_count": 0,
    "near_miss_rate": 0.0,
    "runs": 20
  },
  "median_clearance_improvement_m": 0.3459771337686386,
  "near_miss_relative_reduction": 0.0
}
