{
  "single_static_obstacle": {
    "backlog_count": 0,
    "count": 19,
    "max": 82.1284289995674,
    "mean": 31.309303579243867,
    "p50": 27.462825997645268,
    "p95": 57.68900460061553,
    "stale_count": 0
  },
  "static_corridor": {
    "backlog_count": 0,
    "count": 19,
    "max": 38.656294000247726,
    "mean": 16.308747210898314,
    "p50": 15.06446400162531,
    "p95": 18.52781830057206,
    "stale_count": 0
  },
  "narrow_passage": {
    "backlog_count": 0,
    "count": 19,
    "max": 18.38474100077292,
    "mean": 15.47330136829834,
    "p50": 15.63156499832985,
    "p95": 17.810258401732426,
    "stale_count": 0
  },
  "robot_obstacle": {
    "backlog_count": 0,
    "count": 19,
    "max": 28.312940998148406,
    "mean": 25.05311536860015,
    "p50": 24.97122299973853,
    "p95": 28.03803059796337,
    "stale_count": 0
  }
}
