{
  "authorized_ros_cmd_vel_publisher_count": 1,
  "delayed_stale_nonzero_command": false,
  "end_pose": [
    0.10000000000030726,
    -3.3452516962514875e-16,
    0.2999999999285822
  ],
  "end_stamp_s": 12.04,
  "forward_displacement_m": 0.0,
  "image_count": 20,
  "lateral_displacement_m": 0.0,
  "maximum_angular_speed_radps": 0.0,
  "maximum_linear_speed_mps": 0.0,
  "passed": true,
  "sample_count": 100,
  "scan_count": 20,
  "start_pose": [
    0.10000000000030726,
    -3.3452516962514875e-16,
    0.2999999999285822
  ],
  "start_stamp_s": 10.06,
  "total_displacement_m": 0.0,
  "unwrapped_yaw_delta_rad": 0.0,
  "world_displacement_xy_m": [
    0.0,
    0.0
  ]
}
