{
  "accepted_interval_rad": [
    0.15,
    0.44999999999999996
  ],
  "authorized_duration_s": 1.0,
  "command_radps": 0.3,
  "end_pose": [
    0.10000000000030725,
    -3.3245613760211843e-16,
    0.2906999999086305
  ],
  "end_stamp_s": 9.04,
  "expected_yaw_rad": 0.3,
  "forward_displacement_m": 5.551115123125767e-17,
  "lateral_displacement_m": 1.7899830785356066e-17,
  "passed": true,
  "sample_count": 50,
  "start_pose": [
    0.10000000000030719,
    -3.50355968387474e-16,
    -8.631968855581356e-15
  ],
  "start_stamp_s": 8.06,
  "total_displacement_m": 5.832573919946443e-17,
  "unwrapped_yaw_delta_rad": 0.2906999999086391,
  "world_displacement_xy_m": [
    5.551115123125783e-17,
    1.7899830785355588e-17
  ]
}
