{
  "stamp": 7.0,
  "frame_id": "sgcf_robot/camera_link/rgb_camera",
  "width": 320,
  "height": 240,
  "k": [
    179.99998092651367,
    0.0,
    160.0,
    0.0,
    179.99998569488525,
    120.0,
    0.0,
    0.0,
    1.0
  ],
  "p": [
    179.99998092651367,
    0.0,
    160.0,
    0.0,
    0.0,
    179.99998569488525,
    120.0,
    0.0,
    0.0,
    0.0,
    1.0,
    0.0
  ]
}
