{
  "stamp": 7.0,
  "frame_id": "sgcf_robot/lidar_link/lidar",
  "angle_min": -3.1415927410125732,
  "angle_max": 3.1415927410125732,
  "angle_increment": 0.03490658476948738,
  "range_min": 0.05000000074505806,
  "range_max": 8.0,
  "ranges": [
    null,
    null,
    null,
    null,
    null,
    null,
    null,
    null,
    null,
    null,
    null,
    null,
    null,
    null,
    null,
    null,
    null,
    null,
    null,
    null,
    null,
    null,
    null,
    null,
    null,
    null,
    null,
    null,
    null,
    null,
    null,
    null,
    null,
    null,
    2.427919864654541,
    2.1826655864715576,
    2.2429938316345215,
    1.7461063861846924,
    1.725926399230957,
    1.8283263444900513,
    1.7042988538742065,
    1.6921641826629639,
    1.6860640048980713,
    2.1326849460601807,
    1.678714632987976,
    1.677486538887024,
    1.678714632987976,
    2.1928951740264893,
    1.6860641241073608,
    1.6921641826629639,
    1.7042988538742065,
    1.8487944602966309,
    1.725926399230957,
    1.7461063861846924,
    1.9975895881652832,
    1.7869360446929932,
    1.8056739568710327,
    1.836229681968689,
    5.550524711608887,
    5.112273693084717,
    4.896617412567139,
    4.7774810791015625,
    4.915685653686523,
    5.0252790451049805,
    5.178709506988525,
    3.800910711288452,
    3.647581100463867,
    3.5182788372039795,
    3.380845069885254,
    3.277122974395752,
    3.1773228645324707,
    3.1052746772766113,
    3.0132741928100586,
    3.027383327484131,
    3.2353649139404297,
    3.435142755508423,
    3.586432695388794,
    3.853736162185669,
    4.963594913482666,
    4.880998611450195,
    5.530158996582031,
    5.498950004577637,
    6.115097522735596,
    1.243800401687622,
    1.1734668016433716,
    1.1314961910247803,
    1.091383457183838,
    1.0744768381118774,
    1.061237096786499,
    1.0548919439315796,
    1.0508733987808228,
    1.0548919439315796,
    1.0612372159957886,
    1.0744768381118774,
    1.091383695602417,
    1.1314961910247803,
    1.1734669208526611,
    1.243800401687622,
    null,
    null,
    null,
    6.8752264976501465,
    null,
    5.79402494430542,
    null,
    null,
    null,
    null,
    null,
    null,
    null,
    null,
    null,
    null,
    null,
    null,
    null,
    null,
    null,
    null,
    null,
    2.8827927112579346,
    5.720164775848389,
    null,
    7.928558826446533,
    7.846282005310059,
    7.734076976776123,
    7.6670026779174805,
    7.578393936157227,
    7.527543544769287,
    7.483429431915283,
    7.430147171020508,
    7.403361797332764,
    7.383657932281494,
    7.371091365814209,
    7.365699291229248,
    7.371091365814209,
    7.383657932281494,
    3.965087413787842,
    4.176913738250732,
    4.666198253631592,
    5.062184810638428,
    4.105874061584473,
    3.7992420196533203,
    4.247340679168701,
    3.8591561317443848,
    3.628553628921509,
    3.6070919036865234,
    3.5919711589813232,
    null,
    null,
    null,
    null,
    null,
    null,
    null,
    null,
    null,
    null,
    null,
    null,
    null,
    null,
    null,
    null,
    null,
    null,
    null,
    null,
    null,
    null,
    null,
    null,
    null,
    null,
    null,
    null,
    null,
    null,
    null,
    null
  ]
}
